{"is_source_file": true, "format": "Python", "description": "This file defines API routes for managing user groups in a backend application. It includes endpoints for listing, creating, retrieving, joining, and leaving groups, utilizing FastAPI and SQLAlchemy ORM for database interactions.", "external_files": ["src/api/core/db", "src/api/deps", "src/api/models", "src/api/schemas"], "external_methods": ["get_db", "get_current_user"], "published": ["router"], "classes": [], "methods": [{"name": "Group _get_group(db: Session, group_id)", "description": "Fetches a group from the database by ID, raising 404 if not found.", "scope": "", "scopeKind": ""}, {"name": "list[GroupResponse] list_groups(db: Session = Depends(get_db), current: User = Depends(get_current_user))", "description": "Lists all groups the current user belongs to.", "scope": "", "scopeKind": ""}, {"name": "GroupResponse create_group( payload: GroupCreateRequest, db: Session = Depends(get_db), current: User = Depends(get_current_user) )", "description": "Creates a new group with the current user as owner.", "scope": "", "scopeKind": ""}, {"name": "GroupResponse get_group(group_id, db: Session = Depends(get_db), current: User = Depends(get_current_user))", "description": "Retrieves a specific group by ID if the user is a member.", "scope": "", "scopeKind": ""}, {"name": "None join_group(group_id, db: Session = Depends(get_db), current: User = Depends(get_current_user))", "description": "Allows a user to join a public group.", "scope": "", "scopeKind": ""}, {"name": "None leave_group(group_id, db: Session = Depends(get_db), current: User = Depends(get_current_user))", "description": "Allows a user to leave a group.", "scope": "", "scopeKind": ""}], "calls": ["db.get", "db.execute", "db.add", "db.commit", "db.refresh", "db.delete", "secrets.token_urlsafe", "select", "db.execute", "db.add", "db.commit", "db.execute", "db.delete", "db.commit"], "search-terms": ["FastAPI group management", "SQLAlchemy group routes", "group creation API", "join group endpoint", "leave group endpoint"], "state": 2, "file_id": 13, "knowledge_revision": 41, "git_revision": "698fa53c67d51cf7663786a76b9e98dfdcffcaab", "revision_history": [{"27": ""}, {"41": "698fa53c67d51cf7663786a76b9e98dfdcffcaab"}], "ctags": [{"_type": "tag", "name": "_get_group", "path": "/home/kavia/workspace/code-generation/habit-tracker-community-324979-324988/habit_buddy_backend/src/api/routers/groups.py", "pattern": "/^def _get_group(db: Session, group_id) -> Group:$/", "language": "Python", "typeref": "typename:Group", "kind": "function", "signature": "(db: Session, group_id)"}, {"_type": "tag", "name": "create_group", "path": "/home/kavia/workspace/code-generation/habit-tracker-community-324979-324988/habit_buddy_backend/src/api/routers/groups.py", "pattern": "/^def create_group($/", "language": "Python", "typeref": "typename:GroupResponse", "kind": "function", "signature": "( payload: GroupCreateRequest, db: Session = Depends(get_db), current: User = Depends(get_current_user) )"}, {"_type": "tag", "name": "get_group", "path": "/home/kavia/workspace/code-generation/habit-tracker-community-324979-324988/habit_buddy_backend/src/api/routers/groups.py", "pattern": "/^def get_group(group_id, db: Session = Depends(get_db), current: User = Depends(get_current_user)/", "language": "Python", "typeref": "typename:GroupResponse", "kind": "function", "signature": "(group_id, db: Session = Depends(get_db), current: User = Depends(get_current_user))"}, {"_type": "tag", "name": "join_group", "path": "/home/kavia/workspace/code-generation/habit-tracker-community-324979-324988/habit_buddy_backend/src/api/routers/groups.py", "pattern": "/^def join_group(group_id, db: Session = Depends(get_db), current: User = Depends(get_current_user/", "language": "Python", "typeref": "typename:None", "kind": "function", "signature": "(group_id, db: Session = Depends(get_db), current: User = Depends(get_current_user))"}, {"_type": "tag", "name": "leave_group", "path": "/home/kavia/workspace/code-generation/habit-tracker-community-324979-324988/habit_buddy_backend/src/api/routers/groups.py", "pattern": "/^def leave_group(group_id, db: Session = Depends(get_db), current: User = Depends(get_current_use/", "language": "Python", "typeref": "typename:None", "kind": "function", "signature": "(group_id, db: Session = Depends(get_db), current: User = Depends(get_current_user))"}, {"_type": "tag", "name": "list_groups", "path": "/home/kavia/workspace/code-generation/habit-tracker-community-324979-324988/habit_buddy_backend/src/api/routers/groups.py", "pattern": "/^def list_groups(db: Session = Depends(get_db), current: User = Depends(get_current_user)) -> lis/", "language": "Python", "typeref": "typename:list[GroupResponse]", "kind": "function", "signature": "(db: Session = Depends(get_db), current: User = Depends(get_current_user))"}, {"_type": "tag", "name": "router", "path": "/home/kavia/workspace/code-generation/habit-tracker-community-324979-324988/habit_buddy_backend/src/api/routers/groups.py", "pattern": "/^router = APIRouter(prefix=\"\\/groups\", tags=[\"groups\"])$/", "language": "Python", "kind": "variable"}], "hash": "e36e76582b183db38b2b42535851acd2", "format-version": 4, "code-base-name": "habit_buddy_backend", "filename": "habit_buddy_backend/src/api/routers/groups.py", "fields": [{"name": "router = APIRouter(prefix=\"\\/groups\", tags=[\"groups\"])", "scope": "", "scopeKind": "", "description": "unavailable"}]}