{"is_source_file": true, "format": "Python", "description": "This file contains security-related utility functions for password hashing, verification, and JWT token creation/decoding, used in an authentication system within the backend API.", "external_files": ["src.api.core.config"], "external_methods": ["get_settings"], "published": ["hash_password", "verify_password", "create_access_token", "decode_access_token"], "classes": [], "methods": [{"name": "str hash_password(password: str)", "description": "Hash a plaintext password using bcrypt.", "scope": "", "scopeKind": ""}, {"name": "bool verify_password(password: str, password_hash: str)", "description": "Verify a plaintext password against a stored hash.", "scope": "", "scopeKind": ""}, {"name": "str create_access_token(*, subject: str)", "description": "Create a signed JWT access token for the given subject (user_id).", "scope": "", "scopeKind": ""}, {"name": "dict decode_access_token(token: str)", "description": "Decode and validate a JWT access token. Raises jwt exceptions on failure.", "scope": "", "scopeKind": ""}], "calls": ["get_settings", "jwt.encode", "jwt.decode", "datetime.now", "timedelta", "timezone.utc"], "search-terms": ["security.py", "JWT", "password hashing", "bcrypt", "access token", "token creation", "token decoding", "password verification"], "state": 2, "file_id": 8, "knowledge_revision": 18, "git_revision": "", "ctags": [{"_type": "tag", "name": "PWD_CONTEXT", "path": "/home/kavia/workspace/code-generation/habit-tracker-community-324979-324988/habit_buddy_backend/src/api/core/security.py", "pattern": "/^PWD_CONTEXT = CryptContext(schemes=[\"bcrypt\"], deprecated=\"auto\")$/", "language": "Python", "kind": "variable"}, {"_type": "tag", "name": "create_access_token", "path": "/home/kavia/workspace/code-generation/habit-tracker-community-324979-324988/habit_buddy_backend/src/api/core/security.py", "pattern": "/^def create_access_token(*, subject: str) -> str:$/", "language": "Python", "typeref": "typename:str", "kind": "function", "signature": "(*, subject: str)"}, {"_type": "tag", "name": "decode_access_token", "path": "/home/kavia/workspace/code-generation/habit-tracker-community-324979-324988/habit_buddy_backend/src/api/core/security.py", "pattern": "/^def decode_access_token(token: str) -> dict:$/", "language": "Python", "typeref": "typename:dict", "kind": "function", "signature": "(token: str)"}, {"_type": "tag", "name": "hash_password", "path": "/home/kavia/workspace/code-generation/habit-tracker-community-324979-324988/habit_buddy_backend/src/api/core/security.py", "pattern": "/^def hash_password(password: str) -> str:$/", "language": "Python", "typeref": "typename:str", "kind": "function", "signature": "(password: str)"}, {"_type": "tag", "name": "verify_password", "path": "/home/kavia/workspace/code-generation/habit-tracker-community-324979-324988/habit_buddy_backend/src/api/core/security.py", "pattern": "/^def verify_password(password: str, password_hash: str) -> bool:$/", "language": "Python", "typeref": "typename:bool", "kind": "function", "signature": "(password: str, password_hash: str)"}], "hash": "2064258c910894824ab6101af2b30ab4", "format-version": 4, "code-base-name": "habit_buddy_backend", "filename": "habit_buddy_backend/src/api/core/security.py", "fields": [{"name": "PWD_CONTEXT = CryptContext(schemes=[\"bcrypt\"], deprecated=\"auto\")", "scope": "", "scopeKind": "", "description": "unavailable"}], "revision_history": [{"18": ""}]}