{"is_source_file": true, "format": "Python (FastAPI)", "description": "This source file defines API endpoints for managing a social media 'feed' feature, including listing posts, creating posts, commenting, liking, and unliking posts.", "external_files": ["src.api.core.db", "src.api.deps", "src.api.models", "src.api.schemas"], "external_methods": ["get_db", "get_current_user", "select", "desc", "select", "db.execute", "db.add", "db.commit", "db.refresh", "db.get", "db.delete"], "published": ["router"], "classes": [{"name": "FeedPost", "description": "Represents a feed post entity in the database."}, {"name": "FeedPostComment", "description": "Represents comments on a feed post."}, {"name": "FeedPostLike", "description": "Represents a like on a feed post."}, {"name": "GroupMember", "description": "Represents membership information for groups."}, {"name": "User", "description": "Represents a user entity."}], "methods": [{"name": "list[FeedPostResponse] list_feed( db: Session = Depends(get_db), current: User = Depends(get_current_user), group_id=None, limit: int = 50, )", "description": "Retrieves a list of feed posts, optionally filtered by group and limited to a number.", "scope": "", "scopeKind": ""}, {"name": "FeedPostResponse create_post( payload: FeedPostCreateRequest, db: Session = Depends(get_db), current: User = Depends(get_current_user) )", "description": "Creates a new feed post, requiring group membership if group_id is set.", "scope": "", "scopeKind": ""}, {"name": "FeedCommentResponse comment( post_id, payload: FeedCommentCreateRequest, db: Session = Depends(get_db), current: User = Depends(get_current_user), )", "description": "Adds a comment to a specified feed post.", "scope": "", "scopeKind": ""}, {"name": "None like(post_id, db: Session = Depends(get_db), current: User = Depends(get_current_user))", "description": "Likes a specified feed post (idempotent).", "scope": "", "scopeKind": ""}, {"name": "None unlike(post_id, db: Session = Depends(get_db), current: User = Depends(get_current_user))", "description": "Removes a like from a specified feed post (idempotent).", "scope": "", "scopeKind": ""}], "calls": ["get_db", "get_current_user", "select", "db.execute", "db.get", "db.add", "db.commit", "db.refresh", "db.delete"], "search-terms": ["feed", "create_post", "comment", "like", "unlike", "FeedPost", "FeedComment", "group_id filter"], "state": 2, "file_id": 17, "knowledge_revision": 36, "git_revision": "", "ctags": [{"_type": "tag", "name": "comment", "path": "/home/kavia/workspace/code-generation/habit-tracker-community-324979-324988/habit_buddy_backend/src/api/routers/feed.py", "pattern": "/^def comment($/", "language": "Python", "typeref": "typename:FeedCommentResponse", "kind": "function", "signature": "( post_id, payload: FeedCommentCreateRequest, db: Session = Depends(get_db), current: User = Depends(get_current_user), )"}, {"_type": "tag", "name": "create_post", "path": "/home/kavia/workspace/code-generation/habit-tracker-community-324979-324988/habit_buddy_backend/src/api/routers/feed.py", "pattern": "/^def create_post($/", "language": "Python", "typeref": "typename:FeedPostResponse", "kind": "function", "signature": "( payload: FeedPostCreateRequest, db: Session = Depends(get_db), current: User = Depends(get_current_user) )"}, {"_type": "tag", "name": "like", "path": "/home/kavia/workspace/code-generation/habit-tracker-community-324979-324988/habit_buddy_backend/src/api/routers/feed.py", "pattern": "/^def like(post_id, db: Session = Depends(get_db), current: User = Depends(get_current_user)) -> N/", "language": "Python", "typeref": "typename:None", "kind": "function", "signature": "(post_id, db: Session = Depends(get_db), current: User = Depends(get_current_user))"}, {"_type": "tag", "name": "list_feed", "path": "/home/kavia/workspace/code-generation/habit-tracker-community-324979-324988/habit_buddy_backend/src/api/routers/feed.py", "pattern": "/^def list_feed($/", "language": "Python", "typeref": "typename:list[FeedPostResponse]", "kind": "function", "signature": "( db: Session = Depends(get_db), current: User = Depends(get_current_user), group_id=None, limit: int = 50, )"}, {"_type": "tag", "name": "router", "path": "/home/kavia/workspace/code-generation/habit-tracker-community-324979-324988/habit_buddy_backend/src/api/routers/feed.py", "pattern": "/^router = APIRouter(prefix=\"\\/feed\", tags=[\"feed\"])$/", "language": "Python", "kind": "variable"}, {"_type": "tag", "name": "unlike", "path": "/home/kavia/workspace/code-generation/habit-tracker-community-324979-324988/habit_buddy_backend/src/api/routers/feed.py", "pattern": "/^def unlike(post_id, db: Session = Depends(get_db), current: User = Depends(get_current_user)) ->/", "language": "Python", "typeref": "typename:None", "kind": "function", "signature": "(post_id, db: Session = Depends(get_db), current: User = Depends(get_current_user))"}], "hash": "0d64d53738a63e15fab294061a0afad4", "format-version": 4, "code-base-name": "habit_buddy_backend", "filename": "habit_buddy_backend/src/api/routers/feed.py", "fields": [{"name": "router = APIRouter(prefix=\"\\/feed\", tags=[\"feed\"])", "scope": "", "scopeKind": "", "description": "unavailable"}], "revision_history": [{"36": ""}]}