{"is_source_file": true, "format": "Python", "description": "This file sets up SQLAlchemy database connection and session management for a Python project, specifically configuring the connection to a PostgreSQL database using environment settings.", "external_files": ["src/api/core/config"], "external_methods": ["get_settings"], "published": ["get_db"], "classes": [], "methods": [{"name": "str _build_sqlalchemy_url()", "description": "Constructs a SQLAlchemy-compatible PostgreSQL connection URL from environment settings.", "scope": "", "scopeKind": ""}, {"name": "Generator[Session,None,None] get_db()", "description": "Provides a FastAPI dependency that yields a SQLAlchemy Session for database operations.", "scope": "", "scopeKind": ""}], "calls": ["create_engine", "sessionmaker", "get_settings", "_build_sqlalchemy_url"], "search-terms": ["SQLAlchemy", "Postgres URL", "sessionmaker", "FastAPI dependency", "create_engine", "db connection", "session management", "config", "src.api.core.config"], "state": 2, "file_id": 6, "knowledge_revision": 13, "git_revision": "", "ctags": [{"_type": "tag", "name": "ENGINE", "path": "/home/kavia/workspace/code-generation/habit-tracker-community-324979-324988/habit_buddy_backend/src/api/core/db.py", "pattern": "/^ENGINE = create_engine($/", "language": "Python", "kind": "variable"}, {"_type": "tag", "name": "SessionLocal", "path": "/home/kavia/workspace/code-generation/habit-tracker-community-324979-324988/habit_buddy_backend/src/api/core/db.py", "pattern": "/^SessionLocal = sessionmaker(bind=ENGINE, autocommit=False, autoflush=False, class_=Session)$/", "language": "Python", "kind": "variable"}, {"_type": "tag", "name": "_build_sqlalchemy_url", "path": "/home/kavia/workspace/code-generation/habit-tracker-community-324979-324988/habit_buddy_backend/src/api/core/db.py", "pattern": "/^def _build_sqlalchemy_url() -> str:$/", "language": "Python", "typeref": "typename:str", "kind": "function", "signature": "()"}, {"_type": "tag", "name": "get_db", "path": "/home/kavia/workspace/code-generation/habit-tracker-community-324979-324988/habit_buddy_backend/src/api/core/db.py", "pattern": "/^def get_db() -> Generator[Session, None, None]:$/", "language": "Python", "typeref": "typename:Generator[Session,None,None]", "kind": "function", "signature": "()"}], "hash": "416f3cea36d2b87b710ddb7e435769e2", "format-version": 4, "code-base-name": "habit_buddy_backend", "filename": "habit_buddy_backend/src/api/core/db.py", "fields": [{"name": "ENGINE = create_engine(", "scope": "", "scopeKind": "", "description": "unavailable"}, {"name": "SessionLocal = sessionmaker(bind=ENGINE, autocommit=False, autoflush=False, class_=Session)", "scope": "", "scopeKind": "", "description": "unavailable"}], "revision_history": [{"13": ""}]}