{"is_source_file": true, "format": "Python", "description": "This file defines API endpoints related to 'challenges' in a FastAPI application, including listing, creating, and joining challenges. It interacts with a database via SQLAlchemy models and dependencies.", "external_files": ["src/api/core/db", "src/api/deps", "src/api/models", "src/api/schemas"], "external_methods": ["get_db", "get_current_user"], "published": ["router"], "classes": [{"name": "Challenge", "description": "SQLAlchemy model representing a challenge."}, {"name": "ChallengeParticipant", "description": "SQLAlchemy model representing a participant in a challenge."}, {"name": "GroupMember", "description": "SQLAlchemy model representing group memberships."}, {"name": "User", "description": "User model representing authenticated users."}], "methods": [{"name": "list[ChallengeResponse] list_challenges(db: Session = Depends(get_db), current: User = Depends(get_current_user))", "description": "Handles GET requests to list challenges relevant to the current user.", "scope": "", "scopeKind": ""}, {"name": "ChallengeResponse create_challenge( payload: ChallengeCreateRequest, db: Session = Depends(get_db), current: User = Depends(get_current_user) )", "description": "Creates a new challenge based on provided data, ensuring group membership if applicable, and auto-joining the creator.", "scope": "", "scopeKind": ""}, {"name": "None join_challenge( challenge_id, db: Session = Depends(get_db), current: User = Depends(get_current_user) )", "description": "Allows the current user to join an existing challenge unless already a participant.", "scope": "", "scopeKind": ""}], "calls": ["sqlalchemy.select", "sqlalchemy.desc", "db.execute", "db.get", "db.add", "db.commit", "db.refresh"], "search-terms": ["FastAPI challenges endpoints", "Challenge creation and joining API", "SQLAlchemy challenge models", "ChallengeParticipant join logic", "GroupMember validation"], "state": 2, "file_id": 14, "knowledge_revision": 29, "git_revision": "", "ctags": [{"_type": "tag", "name": "create_challenge", "path": "/home/kavia/workspace/code-generation/habit-tracker-community-324979-324988/habit_buddy_backend/src/api/routers/challenges.py", "pattern": "/^def create_challenge($/", "language": "Python", "typeref": "typename:ChallengeResponse", "kind": "function", "signature": "( payload: ChallengeCreateRequest, db: Session = Depends(get_db), current: User = Depends(get_current_user) )"}, {"_type": "tag", "name": "join_challenge", "path": "/home/kavia/workspace/code-generation/habit-tracker-community-324979-324988/habit_buddy_backend/src/api/routers/challenges.py", "pattern": "/^def join_challenge($/", "language": "Python", "typeref": "typename:None", "kind": "function", "signature": "( challenge_id, db: Session = Depends(get_db), current: User = Depends(get_current_user) )"}, {"_type": "tag", "name": "list_challenges", "path": "/home/kavia/workspace/code-generation/habit-tracker-community-324979-324988/habit_buddy_backend/src/api/routers/challenges.py", "pattern": "/^def list_challenges(db: Session = Depends(get_db), current: User = Depends(get_current_user)) ->/", "language": "Python", "typeref": "typename:list[ChallengeResponse]", "kind": "function", "signature": "(db: Session = Depends(get_db), current: User = Depends(get_current_user))"}, {"_type": "tag", "name": "router", "path": "/home/kavia/workspace/code-generation/habit-tracker-community-324979-324988/habit_buddy_backend/src/api/routers/challenges.py", "pattern": "/^router = APIRouter(prefix=\"\\/challenges\", tags=[\"challenges\"])$/", "language": "Python", "kind": "variable"}], "hash": "76a007e38c07236a6fd242f995d45819", "format-version": 4, "code-base-name": "habit_buddy_backend", "filename": "habit_buddy_backend/src/api/routers/challenges.py", "fields": [{"name": "router = APIRouter(prefix=\"\\/challenges\", tags=[\"challenges\"])", "scope": "", "scopeKind": "", "description": "unavailable"}], "revision_history": [{"29": ""}]}