{"is_source_file": true, "format": "Python", "description": "This file contains security-related functions for password hashing and JWT token creation/validation within the API core module of the project.", "external_files": ["src.api.core.config"], "external_methods": ["get_settings"], "published": ["hash_password", "verify_password", "create_access_token", "decode_access_token"], "classes": [], "methods": [{"name": "str hash_password(password: str)", "description": "Hashes a plaintext password using bcrypt.", "scope": "", "scopeKind": ""}, {"name": "bool verify_password(password: str, password_hash: str)", "description": "Verifies a plaintext password against a stored bcrypt hash.", "scope": "", "scopeKind": ""}, {"name": "str create_access_token(*, subject: str)", "description": "Creates a signed JWT access token for a given subject (user ID).", "scope": "", "scopeKind": ""}, {"name": "dict decode_access_token(token: str)", "description": "Decodes and validates a JWT token, raising exceptions if invalid.", "scope": "", "scopeKind": ""}], "calls": ["get_settings", "jwt.encode", "jwt.decode"], "search-terms": ["security", "jwt", "password hash", "access token", "JWT_SECRET_KEY", "bcrypt"], "state": 2, "file_id": 8, "knowledge_revision": 44, "git_revision": "698fa53c67d51cf7663786a76b9e98dfdcffcaab", "revision_history": [{"18": ""}, {"44": "698fa53c67d51cf7663786a76b9e98dfdcffcaab"}], "ctags": [{"_type": "tag", "name": "PWD_CONTEXT", "path": "/home/kavia/workspace/code-generation/habit-tracker-community-324979-324988/habit_buddy_backend/src/api/core/security.py", "pattern": "/^PWD_CONTEXT = CryptContext(schemes=[\"bcrypt\"], deprecated=\"auto\")$/", "language": "Python", "kind": "variable"}, {"_type": "tag", "name": "create_access_token", "path": "/home/kavia/workspace/code-generation/habit-tracker-community-324979-324988/habit_buddy_backend/src/api/core/security.py", "pattern": "/^def create_access_token(*, subject: str) -> str:$/", "language": "Python", "typeref": "typename:str", "kind": "function", "signature": "(*, subject: str)"}, {"_type": "tag", "name": "decode_access_token", "path": "/home/kavia/workspace/code-generation/habit-tracker-community-324979-324988/habit_buddy_backend/src/api/core/security.py", "pattern": "/^def decode_access_token(token: str) -> dict:$/", "language": "Python", "typeref": "typename:dict", "kind": "function", "signature": "(token: str)"}, {"_type": "tag", "name": "hash_password", "path": "/home/kavia/workspace/code-generation/habit-tracker-community-324979-324988/habit_buddy_backend/src/api/core/security.py", "pattern": "/^def hash_password(password: str) -> str:$/", "language": "Python", "typeref": "typename:str", "kind": "function", "signature": "(password: str)"}, {"_type": "tag", "name": "verify_password", "path": "/home/kavia/workspace/code-generation/habit-tracker-community-324979-324988/habit_buddy_backend/src/api/core/security.py", "pattern": "/^def verify_password(password: str, password_hash: str) -> bool:$/", "language": "Python", "typeref": "typename:bool", "kind": "function", "signature": "(password: str, password_hash: str)"}], "hash": "7ed0e80f2f4e3ea9b1ba9d91567d4c48", "format-version": 4, "code-base-name": "habit_buddy_backend", "filename": "habit_buddy_backend/src/api/core/security.py", "fields": [{"name": "PWD_CONTEXT = CryptContext(schemes=[\"bcrypt\"], deprecated=\"auto\")", "scope": "", "scopeKind": "", "description": "unavailable"}]}