{"is_source_file": true, "format": "Python", "description": "This file defines API routes for a 'feed' feature in a social/community application, handling operations such as listing posts, creating posts, commenting, liking, and unliking. It uses FastAPI, SQLAlchemy ORM, and references various data models and schemas.", "external_files": ["src/api/core/db", "src/api/deps", "src/api/models", "src/api/schemas"], "external_methods": ["get_db", "get_current_user"], "published": ["router"], "classes": [{"name": "FeedPost", "description": "ORM model representing a post in the feed."}, {"name": "FeedPostComment", "description": "ORM model representing a comment on a feed post."}, {"name": "FeedPostLike", "description": "ORM model representing a 'like' on a feed post."}, {"name": "GroupMember", "description": "ORM model representing membership of a user in a group."}, {"name": "User", "description": "ORM model representing a user."}], "methods": [{"name": "list[FeedPostResponse] list_feed( db: Session = Depends(get_db), current: User = Depends(get_current_user), group_id=None, limit: int = 50, )", "description": "Fetches and returns a list of feed posts, optionally filtered by group membership.", "scope": "", "scopeKind": ""}, {"name": "FeedPostResponse create_post( payload: FeedPostCreateRequest, db: Session = Depends(get_db), current: User = Depends(get_current_user) )", "description": "Creates a new feed post, with optional group association after membership check.", "scope": "", "scopeKind": ""}, {"name": "FeedCommentResponse comment( post_id, payload: FeedCommentCreateRequest, db: Session = Depends(get_db), current: User = Depends(get_current_user), )", "description": "Adds a comment to a specific post, increasing its comment count.", "scope": "", "scopeKind": ""}, {"name": "None like(post_id, db: Session = Depends(get_db), current: User = Depends(get_current_user))", "description": "Likes a post; handles idempotency and increments the like count.", "scope": "", "scopeKind": ""}, {"name": "None unlike(post_id, db: Session = Depends(get_db), current: User = Depends(get_current_user))", "description": "Removes a like from a post if it exists and decrements the like count.", "scope": "", "scopeKind": ""}], "calls": ["select(FeedPost)", "select(GroupMember)", "db.execute()", "db.get(FeedPost, post_id)", "db.get(FeedPost, post.id)", "db.execute(select(FeedPostLike).where(FeedPostLike.post_id == post.id, FeedPostLike.user_id == current.id))"], "search-terms": ["feed endpoints", "group membership feed", "post comments", "like and unlike posts", "FastAPI feed router"], "state": 2, "file_id": 17, "knowledge_revision": 40, "git_revision": "698fa53c67d51cf7663786a76b9e98dfdcffcaab", "revision_history": [{"36": ""}, {"40": "698fa53c67d51cf7663786a76b9e98dfdcffcaab"}], "ctags": [{"_type": "tag", "name": "comment", "path": "/home/kavia/workspace/code-generation/habit-tracker-community-324979-324988/habit_buddy_backend/src/api/routers/feed.py", "pattern": "/^def comment($/", "language": "Python", "typeref": "typename:FeedCommentResponse", "kind": "function", "signature": "( post_id, payload: FeedCommentCreateRequest, db: Session = Depends(get_db), current: User = Depends(get_current_user), )"}, {"_type": "tag", "name": "create_post", "path": "/home/kavia/workspace/code-generation/habit-tracker-community-324979-324988/habit_buddy_backend/src/api/routers/feed.py", "pattern": "/^def create_post($/", "language": "Python", "typeref": "typename:FeedPostResponse", "kind": "function", "signature": "( payload: FeedPostCreateRequest, db: Session = Depends(get_db), current: User = Depends(get_current_user) )"}, {"_type": "tag", "name": "like", "path": "/home/kavia/workspace/code-generation/habit-tracker-community-324979-324988/habit_buddy_backend/src/api/routers/feed.py", "pattern": "/^def like(post_id, db: Session = Depends(get_db), current: User = Depends(get_current_user)) -> N/", "language": "Python", "typeref": "typename:None", "kind": "function", "signature": "(post_id, db: Session = Depends(get_db), current: User = Depends(get_current_user))"}, {"_type": "tag", "name": "list_feed", "path": "/home/kavia/workspace/code-generation/habit-tracker-community-324979-324988/habit_buddy_backend/src/api/routers/feed.py", "pattern": "/^def list_feed($/", "language": "Python", "typeref": "typename:list[FeedPostResponse]", "kind": "function", "signature": "( db: Session = Depends(get_db), current: User = Depends(get_current_user), group_id=None, limit: int = 50, )"}, {"_type": "tag", "name": "router", "path": "/home/kavia/workspace/code-generation/habit-tracker-community-324979-324988/habit_buddy_backend/src/api/routers/feed.py", "pattern": "/^router = APIRouter(prefix=\"\\/feed\", tags=[\"feed\"])$/", "language": "Python", "kind": "variable"}, {"_type": "tag", "name": "unlike", "path": "/home/kavia/workspace/code-generation/habit-tracker-community-324979-324988/habit_buddy_backend/src/api/routers/feed.py", "pattern": "/^def unlike(post_id, db: Session = Depends(get_db), current: User = Depends(get_current_user)) ->/", "language": "Python", "typeref": "typename:None", "kind": "function", "signature": "(post_id, db: Session = Depends(get_db), current: User = Depends(get_current_user))"}], "hash": "b4f31a431935cbdf5f3bf271a9ad2057", "format-version": 4, "code-base-name": "habit_buddy_backend", "filename": "habit_buddy_backend/src/api/routers/feed.py", "fields": [{"name": "router = APIRouter(prefix=\"\\/feed\", tags=[\"feed\"])", "scope": "", "scopeKind": "", "description": "unavailable"}]}