{"is_source_file": true, "format": "Python", "description": "This file provides security-related utility functions for password hashing, verification, and JWT token management within the backend API. It includes internal helpers for bcrypt operations and public interfaces for password handling and token creation/decoding.", "external_files": ["src.api.core.config"], "external_methods": ["get_settings"], "published": ["hash_password", "verify_password", "create_access_token", "decode_access_token"], "classes": [], "methods": [{"name": "str _hashpw(password: str)", "description": "Internal helper for hashing passwords with bcrypt.", "scope": "", "scopeKind": ""}, {"name": "bool _verifypw(password: str, password_hash: str)", "description": "Internal helper for verifying bcrypt password hashes.", "scope": "", "scopeKind": ""}, {"name": "str hash_password(password: str)", "description": "Public interface to hash a plaintext password.", "scope": "", "scopeKind": ""}, {"name": "bool verify_password(password: str, password_hash: str)", "description": "Public interface to verify a plaintext password against a stored hash.", "scope": "", "scopeKind": ""}, {"name": "str create_access_token(*, subject: str)", "description": "Create a signed JWT token for the specified user ID.", "scope": "", "scopeKind": ""}, {"name": "dict decode_access_token(token: str)", "description": "Decode and validate a JWT token, raising exceptions on failure.", "scope": "", "scopeKind": ""}], "calls": ["bcrypt.gensalt", "bcrypt.hashpw", "bcrypt.checkpw", "jwt.encode", "jwt.decode", "get_settings"], "search-terms": ["security", "JWT", "bcrypt", "password hashing", "access token"], "state": 2, "file_id": 8, "knowledge_revision": 45, "git_revision": "0fd8c9ea275c6dc88166647cce7e90bb605a5b3b", "revision_history": [{"18": ""}, {"44": "698fa53c67d51cf7663786a76b9e98dfdcffcaab"}, {"45": "0fd8c9ea275c6dc88166647cce7e90bb605a5b3b"}], "ctags": [{"_type": "tag", "name": "_hashpw", "path": "/home/kavia/workspace/code-generation/habit-tracker-community-324979-324988/habit_buddy_backend/src/api/core/security.py", "pattern": "/^def _hashpw(password: str) -> str:$/", "language": "Python", "typeref": "typename:str", "kind": "function", "signature": "(password: str)"}, {"_type": "tag", "name": "_verifypw", "path": "/home/kavia/workspace/code-generation/habit-tracker-community-324979-324988/habit_buddy_backend/src/api/core/security.py", "pattern": "/^def _verifypw(password: str, password_hash: str) -> bool:$/", "language": "Python", "typeref": "typename:bool", "kind": "function", "signature": "(password: str, password_hash: str)"}, {"_type": "tag", "name": "create_access_token", "path": "/home/kavia/workspace/code-generation/habit-tracker-community-324979-324988/habit_buddy_backend/src/api/core/security.py", "pattern": "/^def create_access_token(*, subject: str) -> str:$/", "language": "Python", "typeref": "typename:str", "kind": "function", "signature": "(*, subject: str)"}, {"_type": "tag", "name": "decode_access_token", "path": "/home/kavia/workspace/code-generation/habit-tracker-community-324979-324988/habit_buddy_backend/src/api/core/security.py", "pattern": "/^def decode_access_token(token: str) -> dict:$/", "language": "Python", "typeref": "typename:dict", "kind": "function", "signature": "(token: str)"}, {"_type": "tag", "name": "hash_password", "path": "/home/kavia/workspace/code-generation/habit-tracker-community-324979-324988/habit_buddy_backend/src/api/core/security.py", "pattern": "/^def hash_password(password: str) -> str:$/", "language": "Python", "typeref": "typename:str", "kind": "function", "signature": "(password: str)"}, {"_type": "tag", "name": "verify_password", "path": "/home/kavia/workspace/code-generation/habit-tracker-community-324979-324988/habit_buddy_backend/src/api/core/security.py", "pattern": "/^def verify_password(password: str, password_hash: str) -> bool:$/", "language": "Python", "typeref": "typename:bool", "kind": "function", "signature": "(password: str, password_hash: str)"}], "hash": "1e1b54c7b48772ebe03bf61faab01220", "format-version": 4, "code-base-name": "habit_buddy_backend", "filename": "habit_buddy_backend/src/api/core/security.py"}