{"is_source_file": true, "format": "Python", "description": "This file defines a dependency function for FastAPI that authenticates users via JWT tokens. It handles extraction of the user from the token and database lookup.", "external_files": ["src.api.core.db", "src.api.core.security", "src.api.models"], "external_methods": ["src.api.core.db.get_db", "src.api.core.security.decode_access_token", "Session.get", "User"], "published": ["get_current_user"], "classes": [], "methods": [{"name": "User get_current_user( creds: HTTPAuthorizationCredentials | None = Depends(bearer_scheme), db: Session = Depends(get_db), )", "description": "Asynchronously retrieves and returns the User object associated with the provided JWT credentials, raising HTTP exceptions on failure.", "scope": "", "scopeKind": ""}], "calls": ["decode_access_token", "uuid.UUID", "db.get", "HTTPException"], "search-terms": ["FastAPI dependency", "JWT authentication", "get_current_user", "bearer_scheme", "decode_access_token"], "state": 2, "file_id": 9, "knowledge_revision": 19, "git_revision": "", "ctags": [{"_type": "tag", "name": "bearer_scheme", "path": "/home/kavia/workspace/code-generation/habit-tracker-community-324979-324988/habit_buddy_backend/src/api/deps.py", "pattern": "/^bearer_scheme = HTTPBearer(auto_error=False)$/", "language": "Python", "kind": "variable"}, {"_type": "tag", "name": "get_current_user", "path": "/home/kavia/workspace/code-generation/habit-tracker-community-324979-324988/habit_buddy_backend/src/api/deps.py", "pattern": "/^def get_current_user($/", "language": "Python", "typeref": "typename:User", "kind": "function", "signature": "( creds: HTTPAuthorizationCredentials | None = Depends(bearer_scheme), db: Session = Depends(get_db), )"}], "hash": "0e6285a118525e1523cb784b715435c2", "format-version": 4, "code-base-name": "habit_buddy_backend", "filename": "habit_buddy_backend/src/api/deps.py", "fields": [{"name": "bearer_scheme = HTTPBearer(auto_error=False)", "scope": "", "scopeKind": "", "description": "unavailable"}], "revision_history": [{"19": ""}]}