{"is_source_file": true, "format": "Python", "description": "This file initializes a FastAPI application, configures CORS middleware, and defines a basic health check endpoint.", "external_files": ["fastapi", "fastapi.middleware.cors"], "external_methods": ["fastapi.FastAPI", "fastapi.middleware.cors.CORSMiddleware"], "published": ["app"], "classes": [], "methods": [{"name": "health_check()", "description": "A simple endpoint that returns a health status message.", "scope": "", "scopeKind": ""}], "calls": ["CORSMiddleware", "app.add_middleware", "app.get"], "search-terms": ["FastAPI", "CORS", "health check", "main"], "state": 2, "file_id": 3, "knowledge_revision": 9, "git_revision": "5ad3a7ede60b3f28e146015852270fc6737bce94", "ctags": [{"_type": "tag", "name": "app", "path": "/home/kavia/workspace/code-generation/habit-tracker-community-324979-324988/habit_buddy_backend/src/api/main.py", "pattern": "/^app = FastAPI()$/", "language": "Python", "kind": "variable"}, {"_type": "tag", "name": "health_check", "path": "/home/kavia/workspace/code-generation/habit-tracker-community-324979-324988/habit_buddy_backend/src/api/main.py", "pattern": "/^def health_check():$/", "language": "Python", "kind": "function", "signature": "()"}], "hash": "58352bf5f133908bab16643199aa483d", "format-version": 4, "code-base-name": "habit_buddy_backend", "filename": "habit_buddy_backend/src/api/main.py", "fields": [{"name": "app = FastAPI()", "scope": "", "scopeKind": "", "description": "unavailable"}], "revision_history": [{"9": "5ad3a7ede60b3f28e146015852270fc6737bce94"}]}