{"is_source_file": true, "format": "Python", "description": "This file defines API endpoints for authentication-related operations using the FastAPI framework. It includes registration, login, fetching, and updating user profiles, interacting with a database via SQLAlchemy ORM and handling JWT token creation.", "external_files": ["src.api.core.db", "src.api.core.security", "src.api.deps", "src.api.models", "src.api.schemas"], "external_methods": ["get_db", "create_access_token", "hash_password", "verify_password", "get_current_user"], "published": ["router"], "classes": [{"name": "APIRouter", "description": "FastAPI's router class used to define and group API endpoints."}, {"name": "User", "description": "User ORM model representing user data in the database."}], "methods": [{"name": "TokenResponse register(payload: RegisterRequest, db: Session = Depends(get_db))", "description": "Endpoint to register a new user and return a JWT token.", "scope": "", "scopeKind": ""}, {"name": "TokenResponse login(payload: LoginRequest, db: Session = Depends(get_db))", "description": "Endpoint to authenticate a user and return a JWT token.", "scope": "", "scopeKind": ""}, {"name": "UserPublic me(current: User = Depends(get_current_user))", "description": "Endpoint to retrieve the current authenticated user's public profile.", "scope": "", "scopeKind": ""}, {"name": "UserPublic update_me( payload: UserUpdateRequest, db: Session = Depends(get_db), current: User = Depends(get_current_user), )", "description": "Endpoint to update the current user's profile information.", "scope": "", "scopeKind": ""}], "calls": ["select", "db.execute", "db.add", "db.commit", "db.refresh", "create_access_token", "hash_password", "verify_password"], "search-terms": ["auth router", "JWT token", "user registration", "FastAPI auth", "user profile update"], "state": 2, "file_id": 11, "knowledge_revision": 23, "git_revision": "", "ctags": [{"_type": "tag", "name": "login", "path": "/home/kavia/workspace/code-generation/habit-tracker-community-324979-324988/habit_buddy_backend/src/api/routers/auth.py", "pattern": "/^def login(payload: LoginRequest, db: Session = Depends(get_db)) -> TokenResponse:$/", "language": "Python", "typeref": "typename:TokenResponse", "kind": "function", "signature": "(payload: LoginRequest, db: Session = Depends(get_db))"}, {"_type": "tag", "name": "me", "path": "/home/kavia/workspace/code-generation/habit-tracker-community-324979-324988/habit_buddy_backend/src/api/routers/auth.py", "pattern": "/^def me(current: User = Depends(get_current_user)) -> UserPublic:$/", "language": "Python", "typeref": "typename:UserPublic", "kind": "function", "signature": "(current: User = Depends(get_current_user))"}, {"_type": "tag", "name": "register", "path": "/home/kavia/workspace/code-generation/habit-tracker-community-324979-324988/habit_buddy_backend/src/api/routers/auth.py", "pattern": "/^def register(payload: RegisterRequest, db: Session = Depends(get_db)) -> TokenResponse:$/", "language": "Python", "typeref": "typename:TokenResponse", "kind": "function", "signature": "(payload: RegisterRequest, db: Session = Depends(get_db))"}, {"_type": "tag", "name": "router", "path": "/home/kavia/workspace/code-generation/habit-tracker-community-324979-324988/habit_buddy_backend/src/api/routers/auth.py", "pattern": "/^router = APIRouter(prefix=\"\\/auth\", tags=[\"auth\"])$/", "language": "Python", "kind": "variable"}, {"_type": "tag", "name": "update_me", "path": "/home/kavia/workspace/code-generation/habit-tracker-community-324979-324988/habit_buddy_backend/src/api/routers/auth.py", "pattern": "/^def update_me($/", "language": "Python", "typeref": "typename:UserPublic", "kind": "function", "signature": "( payload: UserUpdateRequest, db: Session = Depends(get_db), current: User = Depends(get_current_user), )"}], "hash": "f87e96011f270664ef98d97ecce40bfe", "format-version": 4, "code-base-name": "habit_buddy_backend", "filename": "habit_buddy_backend/src/api/routers/auth.py", "fields": [{"name": "router = APIRouter(prefix=\"\\/auth\", tags=[\"auth\"])", "scope": "", "scopeKind": "", "description": "unavailable"}], "revision_history": [{"23": ""}]}