{"is_source_file": true, "format": "Python", "description": "This file defines API routes for managing user groups, including listing groups, creating groups, retrieving group details, joining, and leaving groups within a web backend using FastAPI and SQLAlchemy.", "external_files": ["src/api/core/db", "src/api/deps", "src/api/models", "src/api/schemas"], "external_methods": ["get_db", "get_current_user"], "published": ["list_groups", "create_group", "get_group", "join_group", "leave_group"], "classes": [], "methods": [{"name": "Group _get_group(db: Session, group_id)", "description": "Helper function to retrieve a group by ID, raising 404 if not found.", "scope": "", "scopeKind": ""}, {"name": "list[GroupResponse] list_groups(db: Session = Depends(get_db), current: User = Depends(get_current_user))", "description": "Endpoint to list all groups the current user belongs to.", "scope": "", "scopeKind": ""}, {"name": "GroupResponse create_group( payload: GroupCreateRequest, db: Session = Depends(get_db), current: User = Depends(get_current_user) )", "description": "Endpoint to create a new group and assign the creator as the owner.", "scope": "", "scopeKind": ""}, {"name": "GroupResponse get_group(group_id, db: Session = Depends(get_db), current: User = Depends(get_current_user))", "description": "Retrieve a group's details if the current user is a member.", "scope": "", "scopeKind": ""}, {"name": "None join_group(group_id, db: Session = Depends(get_db), current: User = Depends(get_current_user))", "description": "Allows a current user to join a public group by ID.", "scope": "", "scopeKind": ""}, {"name": "None leave_group(group_id, db: Session = Depends(get_db), current: User = Depends(get_current_user))", "description": "Allows a current user to leave a specified group.", "scope": "", "scopeKind": ""}], "calls": ["get_db", "get_current_user", "select", "db.get", "db.execute", "db.add", "db.commit", "db.refresh", "db.delete", "select(GroupMember).where", "select(Group).where"], "search-terms": ["FastAPI group routes", "SQLAlchemy group management", "user group API endpoints", "group creation invite code", "private group join"], "state": 2, "file_id": 13, "knowledge_revision": 27, "git_revision": "", "ctags": [{"_type": "tag", "name": "_get_group", "path": "/home/kavia/workspace/code-generation/habit-tracker-community-324979-324988/habit_buddy_backend/src/api/routers/groups.py", "pattern": "/^def _get_group(db: Session, group_id) -> Group:$/", "language": "Python", "typeref": "typename:Group", "kind": "function", "signature": "(db: Session, group_id)"}, {"_type": "tag", "name": "create_group", "path": "/home/kavia/workspace/code-generation/habit-tracker-community-324979-324988/habit_buddy_backend/src/api/routers/groups.py", "pattern": "/^def create_group($/", "language": "Python", "typeref": "typename:GroupResponse", "kind": "function", "signature": "( payload: GroupCreateRequest, db: Session = Depends(get_db), current: User = Depends(get_current_user) )"}, {"_type": "tag", "name": "get_group", "path": "/home/kavia/workspace/code-generation/habit-tracker-community-324979-324988/habit_buddy_backend/src/api/routers/groups.py", "pattern": "/^def get_group(group_id, db: Session = Depends(get_db), current: User = Depends(get_current_user)/", "language": "Python", "typeref": "typename:GroupResponse", "kind": "function", "signature": "(group_id, db: Session = Depends(get_db), current: User = Depends(get_current_user))"}, {"_type": "tag", "name": "join_group", "path": "/home/kavia/workspace/code-generation/habit-tracker-community-324979-324988/habit_buddy_backend/src/api/routers/groups.py", "pattern": "/^def join_group(group_id, db: Session = Depends(get_db), current: User = Depends(get_current_user/", "language": "Python", "typeref": "typename:None", "kind": "function", "signature": "(group_id, db: Session = Depends(get_db), current: User = Depends(get_current_user))"}, {"_type": "tag", "name": "leave_group", "path": "/home/kavia/workspace/code-generation/habit-tracker-community-324979-324988/habit_buddy_backend/src/api/routers/groups.py", "pattern": "/^def leave_group(group_id, db: Session = Depends(get_db), current: User = Depends(get_current_use/", "language": "Python", "typeref": "typename:None", "kind": "function", "signature": "(group_id, db: Session = Depends(get_db), current: User = Depends(get_current_user))"}, {"_type": "tag", "name": "list_groups", "path": "/home/kavia/workspace/code-generation/habit-tracker-community-324979-324988/habit_buddy_backend/src/api/routers/groups.py", "pattern": "/^def list_groups(db: Session = Depends(get_db), current: User = Depends(get_current_user)) -> lis/", "language": "Python", "typeref": "typename:list[GroupResponse]", "kind": "function", "signature": "(db: Session = Depends(get_db), current: User = Depends(get_current_user))"}, {"_type": "tag", "name": "router", "path": "/home/kavia/workspace/code-generation/habit-tracker-community-324979-324988/habit_buddy_backend/src/api/routers/groups.py", "pattern": "/^router = APIRouter(prefix=\"\\/groups\", tags=[\"groups\"])$/", "language": "Python", "kind": "variable"}], "hash": "5cca023f4aadf10f996b892796b87755", "format-version": 4, "code-base-name": "habit_buddy_backend", "filename": "habit_buddy_backend/src/api/routers/groups.py", "fields": [{"name": "router = APIRouter(prefix=\"\\/groups\", tags=[\"groups\"])", "scope": "", "scopeKind": "", "description": "unavailable"}], "revision_history": [{"27": ""}]}