{"is_source_file": true, "format": "Python", "description": "This file defines application configuration settings loaded from environment variables, including database connection info, JWT authentication parameters, and CORS origins. It provides a dataclass 'Settings' and functions to retrieve and process environment variables.", "external_files": ["os"], "external_methods": ["os.getenv"], "published": ["get_settings"], "classes": [{"name": "Settings", "description": "Immutable dataclass representing application settings loaded from environment variables."}], "methods": [{"name": "list[str] _split_csv(value: str)", "description": "Splits a comma-separated string into a list of stripped strings.", "scope": "", "scopeKind": ""}, {"name": "list[str] _get_cors_origins()", "description": "Determines CORS origins from environment variables 'ALLOWED_ORIGINS' or 'CORS_ORIGINS', defaulting to '*'.", "scope": "", "scopeKind": ""}, {"name": "Settings get_settings()", "description": "Loads and returns a 'Settings' object populated with environment variables, providing default values where appropriate.", "scope": "", "scopeKind": ""}], "calls": ["os.getenv", "_split_csv", "_get_cors_origins"], "search-terms": ["Settings", "config", "environment variables", "JWT_SECRET_KEY", "POSTGRES_URL"], "state": 2, "file_id": 5, "knowledge_revision": 43, "git_revision": "698fa53c67d51cf7663786a76b9e98dfdcffcaab", "revision_history": [{"11": ""}, {"43": "698fa53c67d51cf7663786a76b9e98dfdcffcaab"}], "ctags": [{"_type": "tag", "name": "Settings", "path": "/home/kavia/workspace/code-generation/habit-tracker-community-324979-324988/habit_buddy_backend/src/api/core/config.py", "pattern": "/^class Settings:$/", "language": "Python", "kind": "class"}, {"_type": "tag", "name": "_get_cors_origins", "path": "/home/kavia/workspace/code-generation/habit-tracker-community-324979-324988/habit_buddy_backend/src/api/core/config.py", "pattern": "/^def _get_cors_origins() -> list[str]:$/", "language": "Python", "typeref": "typename:list[str]", "kind": "function", "signature": "()"}, {"_type": "tag", "name": "_split_csv", "path": "/home/kavia/workspace/code-generation/habit-tracker-community-324979-324988/habit_buddy_backend/src/api/core/config.py", "pattern": "/^def _split_csv(value: str) -> list[str]:$/", "language": "Python", "typeref": "typename:list[str]", "kind": "function", "signature": "(value: str)"}, {"_type": "tag", "name": "get_settings", "path": "/home/kavia/workspace/code-generation/habit-tracker-community-324979-324988/habit_buddy_backend/src/api/core/config.py", "pattern": "/^def get_settings() -> Settings:$/", "language": "Python", "typeref": "typename:Settings", "kind": "function", "signature": "()"}], "hash": "5752ec6b8562c78d5c51874c4fa894d0", "format-version": 4, "code-base-name": "habit_buddy_backend", "filename": "habit_buddy_backend/src/api/core/config.py"}