{"is_source_file": true, "format": "Python", "description": "This file defines application configuration settings using dataclasses, loads environment variables, and provides a function to retrieve configured settings. It handles database connection info, JWT security parameters, and CORS origins for a backend service.", "external_files": ["os"], "external_methods": ["os.getenv"], "published": ["get_settings"], "classes": [{"name": "Settings", "description": "Dataclass representing configuration settings loaded from environment variables, including database credentials, JWT parameters, and CORS origins."}], "methods": [{"name": "Settings get_settings()", "description": "Loads environment variables, processes them, and returns an instance of Settings with the application configuration.", "scope": "", "scopeKind": ""}, {"name": "list[str] _split_csv(value: str)", "scope": "", "scopeKind": "", "description": "unavailable"}], "calls": ["os.getenv", "_split_csv"], "search-terms": ["config", "Settings", "environment variables", "JWT", "CORS", "database configuration"], "state": 2, "file_id": 5, "knowledge_revision": 11, "git_revision": "", "ctags": [{"_type": "tag", "name": "Settings", "path": "/home/kavia/workspace/code-generation/habit-tracker-community-324979-324988/habit_buddy_backend/src/api/core/config.py", "pattern": "/^class Settings:$/", "language": "Python", "kind": "class"}, {"_type": "tag", "name": "_split_csv", "path": "/home/kavia/workspace/code-generation/habit-tracker-community-324979-324988/habit_buddy_backend/src/api/core/config.py", "pattern": "/^def _split_csv(value: str) -> list[str]:$/", "language": "Python", "typeref": "typename:list[str]", "kind": "function", "signature": "(value: str)"}, {"_type": "tag", "name": "get_settings", "path": "/home/kavia/workspace/code-generation/habit-tracker-community-324979-324988/habit_buddy_backend/src/api/core/config.py", "pattern": "/^def get_settings() -> Settings:$/", "language": "Python", "typeref": "typename:Settings", "kind": "function", "signature": "()"}], "hash": "444ab40f000132bcf51b226d95080c67", "format-version": 4, "code-base-name": "habit_buddy_backend", "filename": "habit_buddy_backend/src/api/core/config.py", "revision_history": [{"11": ""}]}