{"is_source_file": true, "format": "Python", "description": "This file defines API routes for managing user notifications in a FastAPI application. It includes endpoints to list notifications, mark a notification as read, and mark all notifications as read, interacting with a database via SQLAlchemy ORM models.", "external_files": ["src/api/core/db", "src/api/deps", "src/api/models", "src/api/schema"], "external_methods": ["get_db", "get_current_user"], "published": ["list_notifications", "mark_read", "mark_all_read"], "classes": [], "methods": [{"name": "list[NotificationResponse] list_notifications( db: Session = Depends(get_db), current: User = Depends(get_current_user), limit: int = 50, )", "description": "Endpoint to retrieve notifications for the current user, with optional limit.", "scope": "", "scopeKind": ""}, {"name": "None mark_read(notification_id, db: Session = Depends(get_db), current: User = Depends(get_current_user))", "description": "Endpoint to mark a specific notification as read.", "scope": "", "scopeKind": ""}, {"name": "None mark_all_read(db: Session = Depends(get_db), current: User = Depends(get_current_user))", "description": "Endpoint to mark all notifications as read for the current user.", "scope": "", "scopeKind": ""}], "calls": ["select(Notification)", "desc(Notification.created_at)", "datetime.now", "db.execute", "db.add", "db.commit"], "search-terms": ["notifications.py", "FastAPI notifications routes", "SQLAlchemy select Notification", "mark all notifications read", "list user notifications"], "state": 2, "file_id": 16, "knowledge_revision": 33, "git_revision": "", "ctags": [{"_type": "tag", "name": "list_notifications", "path": "/home/kavia/workspace/code-generation/habit-tracker-community-324979-324988/habit_buddy_backend/src/api/routers/notifications.py", "pattern": "/^def list_notifications($/", "language": "Python", "typeref": "typename:list[NotificationResponse]", "kind": "function", "signature": "( db: Session = Depends(get_db), current: User = Depends(get_current_user), limit: int = 50, )"}, {"_type": "tag", "name": "mark_all_read", "path": "/home/kavia/workspace/code-generation/habit-tracker-community-324979-324988/habit_buddy_backend/src/api/routers/notifications.py", "pattern": "/^def mark_all_read(db: Session = Depends(get_db), current: User = Depends(get_current_user)) -> N/", "language": "Python", "typeref": "typename:None", "kind": "function", "signature": "(db: Session = Depends(get_db), current: User = Depends(get_current_user))"}, {"_type": "tag", "name": "mark_read", "path": "/home/kavia/workspace/code-generation/habit-tracker-community-324979-324988/habit_buddy_backend/src/api/routers/notifications.py", "pattern": "/^def mark_read(notification_id, db: Session = Depends(get_db), current: User = Depends(get_curren/", "language": "Python", "typeref": "typename:None", "kind": "function", "signature": "(notification_id, db: Session = Depends(get_db), current: User = Depends(get_current_user))"}, {"_type": "tag", "name": "router", "path": "/home/kavia/workspace/code-generation/habit-tracker-community-324979-324988/habit_buddy_backend/src/api/routers/notifications.py", "pattern": "/^router = APIRouter(prefix=\"\\/notifications\", tags=[\"notifications\"])$/", "language": "Python", "kind": "variable"}], "hash": "7405c615c4d06f4e8e187f32b8e8c85a", "format-version": 4, "code-base-name": "habit_buddy_backend", "filename": "habit_buddy_backend/src/api/routers/notifications.py", "fields": [{"name": "router = APIRouter(prefix=\"\\/notifications\", tags=[\"notifications\"])", "scope": "", "scopeKind": "", "description": "unavailable"}], "revision_history": [{"33": ""}]}