{"is_source_file": true, "format": "Python", "description": "This file defines API routes related to badges in a FastAPI application, including endpoints to list all badges and current user's badges, utilizing SQLAlchemy ORM for database access.", "external_files": ["src/api/core/db", "src/api/deps", "src/api/models", "src/api/schemas"], "external_methods": ["get_db", "get_current_user"], "published": ["router"], "classes": [], "methods": [{"name": "list[BadgeResponse] list_badges(db: Session = Depends(get_db), current: User = Depends(get_current_user))", "description": "Endpoint to retrieve a list of all badge definitions.", "scope": "", "scopeKind": ""}, {"name": "list[UserBadgeResponse] list_my_badges(db: Session = Depends(get_db), current: User = Depends(get_current_user))", "description": "Endpoint to retrieve badges earned by the current user.", "scope": "", "scopeKind": ""}], "calls": ["db.execute", "select", "scalars", "all"], "search-terms": ["/badges.py", "FastAPI badges endpoints", "BadgeResponse", "UserBadgeResponse", "get_current_user", "get_db", "Badge", "UserBadge"], "state": 2, "file_id": 15, "knowledge_revision": 32, "git_revision": "", "ctags": [{"_type": "tag", "name": "list_badges", "path": "/home/kavia/workspace/code-generation/habit-tracker-community-324979-324988/habit_buddy_backend/src/api/routers/badges.py", "pattern": "/^def list_badges(db: Session = Depends(get_db), current: User = Depends(get_current_user)) -> lis/", "language": "Python", "typeref": "typename:list[BadgeResponse]", "kind": "function", "signature": "(db: Session = Depends(get_db), current: User = Depends(get_current_user))"}, {"_type": "tag", "name": "list_my_badges", "path": "/home/kavia/workspace/code-generation/habit-tracker-community-324979-324988/habit_buddy_backend/src/api/routers/badges.py", "pattern": "/^def list_my_badges(db: Session = Depends(get_db), current: User = Depends(get_current_user)) -> /", "language": "Python", "typeref": "typename:list[UserBadgeResponse]", "kind": "function", "signature": "(db: Session = Depends(get_db), current: User = Depends(get_current_user))"}, {"_type": "tag", "name": "router", "path": "/home/kavia/workspace/code-generation/habit-tracker-community-324979-324988/habit_buddy_backend/src/api/routers/badges.py", "pattern": "/^router = APIRouter(prefix=\"\\/badges\", tags=[\"badges\"])$/", "language": "Python", "kind": "variable"}], "hash": "b72fce84f191cacfe375e9bbe66c13b4", "format-version": 4, "code-base-name": "habit_buddy_backend", "filename": "habit_buddy_backend/src/api/routers/badges.py", "fields": [{"name": "router = APIRouter(prefix=\"\\/badges\", tags=[\"badges\"])", "scope": "", "scopeKind": "", "description": "unavailable"}], "revision_history": [{"32": ""}]}