{"is_source_file": true, "format": "Python", "description": "This file defines ORM models for a habit tracking and social interaction application using SQLAlchemy. It includes models for users, habits, check-ins, streaks, groups, challenges, badges, notifications, and social feed posts and comments.", "external_files": ["sqlalchemy", "sqlalchemy.dialects.postgresql"], "external_methods": ["func.now()"], "published": ["User", "Habit", "HabitCheckin", "HabitStreak", "Group", "GroupMember", "Challenge", "ChallengeParticipant", "Badge", "UserBadge", "Notification", "FeedPost", "FeedPostComment", "FeedPostLike"], "classes": [{"name": "Base", "description": "Base declarative class for ORM models."}, {"name": "User", "description": "Represents a user in the system with profile details and relationship to habits."}, {"name": "Habit", "description": "Represents a habit being tracked by a user, with properties like schedule, target, and associated check-ins."}, {"name": "HabitCheckin", "description": "Stores individual check-ins for a habit, including date, value, and notes."}, {"name": "HabitStreak", "description": "Tracks current and longest streaks for a habit."}, {"name": "Group", "description": "Represents a group of users, with privacy settings and an owner."}, {"name": "GroupMember", "description": "Associates users with groups, specifying roles."}, {"name": "Challenge", "description": "Defines a challenge with objectives and participation details."}, {"name": "ChallengeParticipant", "description": "Links users to challenges with progress tracking."}, {"name": "Badge", "description": "Represents a badge that can be earned by users."}, {"name": "UserBadge", "description": "Links users with badges they have earned."}, {"name": "Notification", "description": "Stores notifications for users."}, {"name": "FeedPost", "description": "Represents a social media post in the feed."}, {"name": "FeedPostComment", "description": "Comments on feed posts."}, {"name": "FeedPostLike", "description": "Tracks likes on feed posts."}], "methods": [{"name": "mapped_column", "description": "Defines a mapped column for ORM model attributes."}, {"name": "relationship", "description": "Establishes relationships between ORM models."}], "calls": ["func.now()"], "search-terms": ["SQLAlchemy ORM models", "habit tracker", "user habits", "challenges", "social feed", "notifications", "badges"], "state": 2, "file_id": 7, "knowledge_revision": 15, "git_revision": "", "ctags": [{"_type": "tag", "name": "Badge", "path": "/home/kavia/workspace/code-generation/habit-tracker-community-324979-324988/habit_buddy_backend/src/api/models.py", "pattern": "/^class Badge(Base):$/", "language": "Python", "kind": "class"}, {"_type": "tag", "name": "Base", "path": "/home/kavia/workspace/code-generation/habit-tracker-community-324979-324988/habit_buddy_backend/src/api/models.py", "pattern": "/^class Base(DeclarativeBase):$/", "language": "Python", "kind": "class"}, {"_type": "tag", "name": "Challenge", "path": "/home/kavia/workspace/code-generation/habit-tracker-community-324979-324988/habit_buddy_backend/src/api/models.py", "pattern": "/^class Challenge(Base):$/", "language": "Python", "kind": "class"}, {"_type": "tag", "name": "ChallengeParticipant", "path": "/home/kavia/workspace/code-generation/habit-tracker-community-324979-324988/habit_buddy_backend/src/api/models.py", "pattern": "/^class ChallengeParticipant(Base):$/", "language": "Python", "kind": "class"}, {"_type": "tag", "name": "FeedPost", "path": "/home/kavia/workspace/code-generation/habit-tracker-community-324979-324988/habit_buddy_backend/src/api/models.py", "pattern": "/^class FeedPost(Base):$/", "language": "Python", "kind": "class"}, {"_type": "tag", "name": "FeedPostComment", "path": "/home/kavia/workspace/code-generation/habit-tracker-community-324979-324988/habit_buddy_backend/src/api/models.py", "pattern": "/^class FeedPostComment(Base):$/", "language": "Python", "kind": "class"}, {"_type": "tag", "name": "FeedPostLike", "path": "/home/kavia/workspace/code-generation/habit-tracker-community-324979-324988/habit_buddy_backend/src/api/models.py", "pattern": "/^class FeedPostLike(Base):$/", "language": "Python", "kind": "class"}, {"_type": "tag", "name": "Group", "path": "/home/kavia/workspace/code-generation/habit-tracker-community-324979-324988/habit_buddy_backend/src/api/models.py", "pattern": "/^class Group(Base):$/", "language": "Python", "kind": "class"}, {"_type": "tag", "name": "GroupMember", "path": "/home/kavia/workspace/code-generation/habit-tracker-community-324979-324988/habit_buddy_backend/src/api/models.py", "pattern": "/^class GroupMember(Base):$/", "language": "Python", "kind": "class"}, {"_type": "tag", "name": "Habit", "path": "/home/kavia/workspace/code-generation/habit-tracker-community-324979-324988/habit_buddy_backend/src/api/models.py", "pattern": "/^class Habit(Base):$/", "language": "Python", "kind": "class"}, {"_type": "tag", "name": "HabitCheckin", "path": "/home/kavia/workspace/code-generation/habit-tracker-community-324979-324988/habit_buddy_backend/src/api/models.py", "pattern": "/^class HabitCheckin(Base):$/", "language": "Python", "kind": "class"}, {"_type": "tag", "name": "HabitStreak", "path": "/home/kavia/workspace/code-generation/habit-tracker-community-324979-324988/habit_buddy_backend/src/api/models.py", "pattern": "/^class HabitStreak(Base):$/", "language": "Python", "kind": "class"}, {"_type": "tag", "name": "Notification", "path": "/home/kavia/workspace/code-generation/habit-tracker-community-324979-324988/habit_buddy_backend/src/api/models.py", "pattern": "/^class Notification(Base):$/", "language": "Python", "kind": "class"}, {"_type": "tag", "name": "User", "path": "/home/kavia/workspace/code-generation/habit-tracker-community-324979-324988/habit_buddy_backend/src/api/models.py", "pattern": "/^class User(Base):$/", "language": "Python", "kind": "class"}, {"_type": "tag", "name": "UserBadge", "path": "/home/kavia/workspace/code-generation/habit-tracker-community-324979-324988/habit_buddy_backend/src/api/models.py", "pattern": "/^class UserBadge(Base):$/", "language": "Python", "kind": "class"}, {"_type": "tag", "name": "__table_args__", "path": "/home/kavia/workspace/code-generation/habit-tracker-community-324979-324988/habit_buddy_backend/src/api/models.py", "pattern": "/^    __table_args__ = (UniqueConstraint(\"habit_id\", \"checkin_date\", name=\"habit_checkins_habit_id/", "file": true, "language": "Python", "kind": "variable", "scope": "HabitCheckin", "scopeKind": "class"}, {"_type": "tag", "name": "__tablename__", "path": "/home/kavia/workspace/code-generation/habit-tracker-community-324979-324988/habit_buddy_backend/src/api/models.py", "pattern": "/^    __tablename__ = \"badges\"$/", "file": true, "language": "Python", "kind": "variable", "scope": "Badge", "scopeKind": "class"}, {"_type": "tag", "name": "__tablename__", "path": "/home/kavia/workspace/code-generation/habit-tracker-community-324979-324988/habit_buddy_backend/src/api/models.py", "pattern": "/^    __tablename__ = \"challenge_participants\"$/", "file": true, "language": "Python", "kind": "variable", "scope": "ChallengeParticipant", "scopeKind": "class"}, {"_type": "tag", "name": "__tablename__", "path": "/home/kavia/workspace/code-generation/habit-tracker-community-324979-324988/habit_buddy_backend/src/api/models.py", "pattern": "/^    __tablename__ = \"challenges\"$/", "file": true, "language": "Python", "kind": "variable", "scope": "Challenge", "scopeKind": "class"}, {"_type": "tag", "name": "__tablename__", "path": "/home/kavia/workspace/code-generation/habit-tracker-community-324979-324988/habit_buddy_backend/src/api/models.py", "pattern": "/^    __tablename__ = \"feed_post_comments\"$/", "file": true, "language": "Python", "kind": "variable", "scope": "FeedPostComment", "scopeKind": "class"}, {"_type": "tag", "name": "__tablename__", "path": "/home/kavia/workspace/code-generation/habit-tracker-community-324979-324988/habit_buddy_backend/src/api/models.py", "pattern": "/^    __tablename__ = \"feed_post_likes\"$/", "file": true, "language": "Python", "kind": "variable", "scope": "FeedPostLike", "scopeKind": "class"}, {"_type": "tag", "name": "__tablename__", "path": "/home/kavia/workspace/code-generation/habit-tracker-community-324979-324988/habit_buddy_backend/src/api/models.py", "pattern": "/^    __tablename__ = \"feed_posts\"$/", "file": true, "language": "Python", "kind": "variable", "scope": "FeedPost", "scopeKind": "class"}, {"_type": "tag", "name": "__tablename__", "path": "/home/kavia/workspace/code-generation/habit-tracker-community-324979-324988/habit_buddy_backend/src/api/models.py", "pattern": "/^    __tablename__ = \"group_members\"$/", "file": true, "language": "Python", "kind": "variable", "scope": "GroupMember", "scopeKind": "class"}, {"_type": "tag", "name": "__tablename__", "path": "/home/kavia/workspace/code-generation/habit-tracker-community-324979-324988/habit_buddy_backend/src/api/models.py", "pattern": "/^    __tablename__ = \"groups\"$/", "file": true, "language": "Python", "kind": "variable", "scope": "Group", "scopeKind": "class"}, {"_type": "tag", "name": "__tablename__", "path": "/home/kavia/workspace/code-generation/habit-tracker-community-324979-324988/habit_buddy_backend/src/api/models.py", "pattern": "/^    __tablename__ = \"habit_checkins\"$/", "file": true, "language": "Python", "kind": "variable", "scope": "HabitCheckin", "scopeKind": "class"}, {"_type": "tag", "name": "__tablename__", "path": "/home/kavia/workspace/code-generation/habit-tracker-community-324979-324988/habit_buddy_backend/src/api/models.py", "pattern": "/^    __tablename__ = \"habit_streaks\"$/", "file": true, "language": "Python", "kind": "variable", "scope": "HabitStreak", "scopeKind": "class"}, {"_type": "tag", "name": "__tablename__", "path": "/home/kavia/workspace/code-generation/habit-tracker-community-324979-324988/habit_buddy_backend/src/api/models.py", "pattern": "/^    __tablename__ = \"habits\"$/", "file": true, "language": "Python", "kind": "variable", "scope": "Habit", "scopeKind": "class"}, {"_type": "tag", "name": "__tablename__", "path": "/home/kavia/workspace/code-generation/habit-tracker-community-324979-324988/habit_buddy_backend/src/api/models.py", "pattern": "/^    __tablename__ = \"notifications\"$/", "file": true, "language": "Python", "kind": "variable", "scope": "Notification", "scopeKind": "class"}, {"_type": "tag", "name": "__tablename__", "path": "/home/kavia/workspace/code-generation/habit-tracker-community-324979-324988/habit_buddy_backend/src/api/models.py", "pattern": "/^    __tablename__ = \"user_badges\"$/", "file": true, "language": "Python", "kind": "variable", "scope": "UserBadge", "scopeKind": "class"}, {"_type": "tag", "name": "__tablename__", "path": "/home/kavia/workspace/code-generation/habit-tracker-community-324979-324988/habit_buddy_backend/src/api/models.py", "pattern": "/^    __tablename__ = \"users\"$/", "file": true, "language": "Python", "kind": "variable", "scope": "User", "scopeKind": "class"}, {"_type": "tag", "name": "avatar_url", "path": "/home/kavia/workspace/code-generation/habit-tracker-community-324979-324988/habit_buddy_backend/src/api/models.py", "pattern": "/^    avatar_url: Mapped[str | None] = mapped_column(Text, nullable=True)$/", "language": "Python", "typeref": "typename:Mapped[str | None]", "kind": "variable", "scope": "User", "scopeKind": "class"}, {"_type": "tag", "name": "badge_id", "path": "/home/kavia/workspace/code-generation/habit-tracker-community-324979-324988/habit_buddy_backend/src/api/models.py", "pattern": "/^    badge_id: Mapped[uuid.UUID] = mapped_column($/", "language": "Python", "typeref": "typename:Mapped[uuid.UUID]", "kind": "variable", "scope": "UserBadge", "scopeKind": "class"}, {"_type": "tag", "name": "bio", "path": "/home/kavia/workspace/code-generation/habit-tracker-community-324979-324988/habit_buddy_backend/src/api/models.py", "pattern": "/^    bio: Mapped[str | None] = mapped_column(Text, nullable=True)$/", "language": "Python", "typeref": "typename:Mapped[str | None]", "kind": "variable", "scope": "User", "scopeKind": "class"}, {"_type": "tag", "name": "body", "path": "/home/kavia/workspace/code-generation/habit-tracker-community-324979-324988/habit_buddy_backend/src/api/models.py", "pattern": "/^    body: Mapped[str | None] = mapped_column(Text, nullable=True)$/", "language": "Python", "typeref": "typename:Mapped[str | None]", "kind": "variable", "scope": "Notification", "scopeKind": "class"}, {"_type": "tag", "name": "challenge_id", "path": "/home/kavia/workspace/code-generation/habit-tracker-community-324979-324988/habit_buddy_backend/src/api/models.py", "pattern": "/^    challenge_id: Mapped[uuid.UUID] = mapped_column($/", "language": "Python", "typeref": "typename:Mapped[uuid.UUID]", "kind": "variable", "scope": "ChallengeParticipant", "scopeKind": "class"}, {"_type": "tag", "name": "checkin_date", "path": "/home/kavia/workspace/code-generation/habit-tracker-community-324979-324988/habit_buddy_backend/src/api/models.py", "pattern": "/^    checkin_date: Mapped[date] = mapped_column(Date, nullable=False)$/", "language": "Python", "typeref": "typename:Mapped[date]", "kind": "variable", "scope": "HabitCheckin", "scopeKind": "class"}, {"_type": "tag", "name": "checkins", "path": "/home/kavia/workspace/code-generation/habit-tracker-community-324979-324988/habit_buddy_backend/src/api/models.py", "pattern": "/^    checkins: Mapped[list[\"HabitCheckin\"]] = relationship(back_populates=\"habit\")$/", "language": "Python", "typeref": "typename:Mapped[list[\"HabitCheckin\"]]", "kind": "variable", "scope": "Habit", "scopeKind": "class"}, {"_type": "tag", "name": "code", "path": "/home/kavia/workspace/code-generation/habit-tracker-community-324979-324988/habit_buddy_backend/src/api/models.py", "pattern": "/^    code: Mapped[str] = mapped_column(Text, unique=True, nullable=False)$/", "language": "Python", "typeref": "typename:Mapped[str]", "kind": "variable", "scope": "Badge", "scopeKind": "class"}, {"_type": "tag", "name": "color", "path": "/home/kavia/workspace/code-generation/habit-tracker-community-324979-324988/habit_buddy_backend/src/api/models.py", "pattern": "/^    color: Mapped[str | None] = mapped_column(Text, nullable=True)$/", "language": "Python", "typeref": "typename:Mapped[str | None]", "kind": "variable", "scope": "Habit", "scopeKind": "class"}, {"_type": "tag", "name": "comment_count", "path": "/home/kavia/workspace/code-generation/habit-tracker-community-324979-324988/habit_buddy_backend/src/api/models.py", "pattern": "/^    comment_count: Mapped[int] = mapped_column(Integer, nullable=False, server_default=\"0\")$/", "language": "Python", "typeref": "typename:Mapped[int]", "kind": "variable", "scope": "FeedPost", "scopeKind": "class"}, {"_type": "tag", "name": "content", "path": "/home/kavia/workspace/code-generation/habit-tracker-community-324979-324988/habit_buddy_backend/src/api/models.py", "pattern": "/^    content: Mapped[str | None] = mapped_column(Text, nullable=True)$/", "language": "Python", "typeref": "typename:Mapped[str | None]", "kind": "variable", "scope": "FeedPost", "scopeKind": "class"}, {"_type": "tag", "name": "content", "path": "/home/kavia/workspace/code-generation/habit-tracker-community-324979-324988/habit_buddy_backend/src/api/models.py", "pattern": "/^    content: Mapped[str] = mapped_column(Text, nullable=False)$/", "language": "Python", "typeref": "typename:Mapped[str]", "kind": "variable", "scope": "FeedPostComment", "scopeKind": "class"}, {"_type": "tag", "name": "context", "path": "/home/kavia/workspace/code-generation/habit-tracker-community-324979-324988/habit_buddy_backend/src/api/models.py", "pattern": "/^    context: Mapped[dict[str, Any] | None] = mapped_column(JSON, nullable=True)$/", "language": "Python", "typeref": "typename:Mapped[dict[str, Any] | None]", "kind": "variable", "scope": "UserBadge", "scopeKind": "class"}, {"_type": "tag", "name": "created_at", "path": "/home/kavia/workspace/code-generation/habit-tracker-community-324979-324988/habit_buddy_backend/src/api/models.py", "pattern": "/^    created_at: Mapped[datetime] = mapped_column(DateTime(timezone=True), server_default=func.no/", "language": "Python", "typeref": "typename:Mapped[datetime]", "kind": "variable", "scope": "Badge", "scopeKind": "class"}, {"_type": "tag", "name": "created_at", "path": "/home/kavia/workspace/code-generation/habit-tracker-community-324979-324988/habit_buddy_backend/src/api/models.py", "pattern": "/^    created_at: Mapped[datetime] = mapped_column(DateTime(timezone=True), server_default=func.no/", "language": "Python", "typeref": "typename:Mapped[datetime]", "kind": "variable", "scope": "Challenge", "scopeKind": "class"}, {"_type": "tag", "name": "created_at", "path": "/home/kavia/workspace/code-generation/habit-tracker-community-324979-324988/habit_buddy_backend/src/api/models.py", "pattern": "/^    created_at: Mapped[datetime] = mapped_column(DateTime(timezone=True), server_default=func.no/", "language": "Python", "typeref": "typename:Mapped[datetime]", "kind": "variable", "scope": "FeedPost", "scopeKind": "class"}, {"_type": "tag", "name": "created_at", "path": "/home/kavia/workspace/code-generation/habit-tracker-community-324979-324988/habit_buddy_backend/src/api/models.py", "pattern": "/^    created_at: Mapped[datetime] = mapped_column(DateTime(timezone=True), server_default=func.no/", "language": "Python", "typeref": "typename:Mapped[datetime]", "kind": "variable", "scope": "FeedPostComment", "scopeKind": "class"}, {"_type": "tag", "name": "created_at", "path": "/home/kavia/workspace/code-generation/habit-tracker-community-324979-324988/habit_buddy_backend/src/api/models.py", "pattern": "/^    created_at: Mapped[datetime] = mapped_column(DateTime(timezone=True), server_default=func.no/", "language": "Python", "typeref": "typename:Mapped[datetime]", "kind": "variable", "scope": "FeedPostLike", "scopeKind": "class"}, {"_type": "tag", "name": "created_at", "path": "/home/kavia/workspace/code-generation/habit-tracker-community-324979-324988/habit_buddy_backend/src/api/models.py", "pattern": "/^    created_at: Mapped[datetime] = mapped_column(DateTime(timezone=True), server_default=func.no/", "language": "Python", "typeref": "typename:Mapped[datetime]", "kind": "variable", "scope": "Group", "scopeKind": "class"}, {"_type": "tag", "name": "created_at", "path": "/home/kavia/workspace/code-generation/habit-tracker-community-324979-324988/habit_buddy_backend/src/api/models.py", "pattern": "/^    created_at: Mapped[datetime] = mapped_column(DateTime(timezone=True), server_default=func.no/", "language": "Python", "typeref": "typename:Mapped[datetime]", "kind": "variable", "scope": "Habit", "scopeKind": "class"}, {"_type": "tag", "name": "created_at", "path": "/home/kavia/workspace/code-generation/habit-tracker-community-324979-324988/habit_buddy_backend/src/api/models.py", "pattern": "/^    created_at: Mapped[datetime] = mapped_column(DateTime(timezone=True), server_default=func.no/", "language": "Python", "typeref": "typename:Mapped[datetime]", "kind": "variable", "scope": "HabitCheckin", "scopeKind": "class"}, {"_type": "tag", "name": "created_at", "path": "/home/kavia/workspace/code-generation/habit-tracker-community-324979-324988/habit_buddy_backend/src/api/models.py", "pattern": "/^    created_at: Mapped[datetime] = mapped_column(DateTime(timezone=True), server_default=func.no/", "language": "Python", "typeref": "typename:Mapped[datetime]", "kind": "variable", "scope": "Notification", "scopeKind": "class"}, {"_type": "tag", "name": "created_at", "path": "/home/kavia/workspace/code-generation/habit-tracker-community-324979-324988/habit_buddy_backend/src/api/models.py", "pattern": "/^    created_at: Mapped[datetime] = mapped_column(DateTime(timezone=True), server_default=func.no/", "language": "Python", "typeref": "typename:Mapped[datetime]", "kind": "variable", "scope": "User", "scopeKind": "class"}, {"_type": "tag", "name": "creator_id", "path": "/home/kavia/workspace/code-generation/habit-tracker-community-324979-324988/habit_buddy_backend/src/api/models.py", "pattern": "/^    creator_id: Mapped[uuid.UUID] = mapped_column(UUID(as_uuid=True), ForeignKey(\"users.id\", ond/", "language": "Python", "typeref": "typename:Mapped[uuid.UUID]", "kind": "variable", "scope": "Challenge", "scopeKind": "class"}, {"_type": "tag", "name": "current_streak", "path": "/home/kavia/workspace/code-generation/habit-tracker-community-324979-324988/habit_buddy_backend/src/api/models.py", "pattern": "/^    current_streak: Mapped[int] = mapped_column(Integer, nullable=False, server_default=\"0\")$/", "language": "Python", "typeref": "typename:Mapped[int]", "kind": "variable", "scope": "HabitStreak", "scopeKind": "class"}, {"_type": "tag", "name": "data", "path": "/home/kavia/workspace/code-generation/habit-tracker-community-324979-324988/habit_buddy_backend/src/api/models.py", "pattern": "/^    data: Mapped[dict[str, Any] | None] = mapped_column(JSON, nullable=True)$/", "language": "Python", "typeref": "typename:Mapped[dict[str, Any] | None]", "kind": "variable", "scope": "FeedPost", "scopeKind": "class"}, {"_type": "tag", "name": "data", "path": "/home/kavia/workspace/code-generation/habit-tracker-community-324979-324988/habit_buddy_backend/src/api/models.py", "pattern": "/^    data: Mapped[dict[str, Any] | None] = mapped_column(JSON, nullable=True)$/", "language": "Python", "typeref": "typename:Mapped[dict[str, Any] | None]", "kind": "variable", "scope": "Notification", "scopeKind": "class"}, {"_type": "tag", "name": "description", "path": "/home/kavia/workspace/code-generation/habit-tracker-community-324979-324988/habit_buddy_backend/src/api/models.py", "pattern": "/^    description: Mapped[str | None] = mapped_column(Text, nullable=True)$/", "language": "Python", "typeref": "typename:Mapped[str | None]", "kind": "variable", "scope": "Badge", "scopeKind": "class"}, {"_type": "tag", "name": "description", "path": "/home/kavia/workspace/code-generation/habit-tracker-community-324979-324988/habit_buddy_backend/src/api/models.py", "pattern": "/^    description: Mapped[str | None] = mapped_column(Text, nullable=True)$/", "language": "Python", "typeref": "typename:Mapped[str | None]", "kind": "variable", "scope": "Challenge", "scopeKind": "class"}, {"_type": "tag", "name": "description", "path": "/home/kavia/workspace/code-generation/habit-tracker-community-324979-324988/habit_buddy_backend/src/api/models.py", "pattern": "/^    description: Mapped[str | None] = mapped_column(Text, nullable=True)$/", "language": "Python", "typeref": "typename:Mapped[str | None]", "kind": "variable", "scope": "Group", "scopeKind": "class"}, {"_type": "tag", "name": "description", "path": "/home/kavia/workspace/code-generation/habit-tracker-community-324979-324988/habit_buddy_backend/src/api/models.py", "pattern": "/^    description: Mapped[str | None] = mapped_column(Text, nullable=True)$/", "language": "Python", "typeref": "typename:Mapped[str | None]", "kind": "variable", "scope": "Habit", "scopeKind": "class"}, {"_type": "tag", "name": "display_name", "path": "/home/kavia/workspace/code-generation/habit-tracker-community-324979-324988/habit_buddy_backend/src/api/models.py", "pattern": "/^    display_name: Mapped[str] = mapped_column(Text, nullable=False)$/", "language": "Python", "typeref": "typename:Mapped[str]", "kind": "variable", "scope": "User", "scopeKind": "class"}, {"_type": "tag", "name": "earned_at", "path": "/home/kavia/workspace/code-generation/habit-tracker-community-324979-324988/habit_buddy_backend/src/api/models.py", "pattern": "/^    earned_at: Mapped[datetime] = mapped_column(DateTime(timezone=True), server_default=func.now/", "language": "Python", "typeref": "typename:Mapped[datetime]", "kind": "variable", "scope": "UserBadge", "scopeKind": "class"}, {"_type": "tag", "name": "email", "path": "/home/kavia/workspace/code-generation/habit-tracker-community-324979-324988/habit_buddy_backend/src/api/models.py", "pattern": "/^    email: Mapped[str] = mapped_column(Text, unique=True, nullable=False)$/", "language": "Python", "typeref": "typename:Mapped[str]", "kind": "variable", "scope": "User", "scopeKind": "class"}, {"_type": "tag", "name": "end_date", "path": "/home/kavia/workspace/code-generation/habit-tracker-community-324979-324988/habit_buddy_backend/src/api/models.py", "pattern": "/^    end_date: Mapped[date] = mapped_column(Date, nullable=False)$/", "language": "Python", "typeref": "typename:Mapped[date]", "kind": "variable", "scope": "Challenge", "scopeKind": "class"}, {"_type": "tag", "name": "goal_type", "path": "/home/kavia/workspace/code-generation/habit-tracker-community-324979-324988/habit_buddy_backend/src/api/models.py", "pattern": "/^    goal_type: Mapped[str] = mapped_column(Text, nullable=False, server_default=\"streak\")$/", "language": "Python", "typeref": "typename:Mapped[str]", "kind": "variable", "scope": "Challenge", "scopeKind": "class"}, {"_type": "tag", "name": "goal_value", "path": "/home/kavia/workspace/code-generation/habit-tracker-community-324979-324988/habit_buddy_backend/src/api/models.py", "pattern": "/^    goal_value: Mapped[int | None] = mapped_column(Integer, nullable=True)$/", "language": "Python", "typeref": "typename:Mapped[int | None]", "kind": "variable", "scope": "Challenge", "scopeKind": "class"}, {"_type": "tag", "name": "group_id", "path": "/home/kavia/workspace/code-generation/habit-tracker-community-324979-324988/habit_buddy_backend/src/api/models.py", "pattern": "/^    group_id: Mapped[uuid.UUID | None] = mapped_column(UUID(as_uuid=True), ForeignKey(\"groups.id/", "language": "Python", "typeref": "typename:Mapped[uuid.UUID | None]", "kind": "variable", "scope": "Challenge", "scopeKind": "class"}, {"_type": "tag", "name": "group_id", "path": "/home/kavia/workspace/code-generation/habit-tracker-community-324979-324988/habit_buddy_backend/src/api/models.py", "pattern": "/^    group_id: Mapped[uuid.UUID | None] = mapped_column(UUID(as_uuid=True), ForeignKey(\"groups.id/", "language": "Python", "typeref": "typename:Mapped[uuid.UUID | None]", "kind": "variable", "scope": "FeedPost", "scopeKind": "class"}, {"_type": "tag", "name": "group_id", "path": "/home/kavia/workspace/code-generation/habit-tracker-community-324979-324988/habit_buddy_backend/src/api/models.py", "pattern": "/^    group_id: Mapped[uuid.UUID] = mapped_column($/", "language": "Python", "typeref": "typename:Mapped[uuid.UUID]", "kind": "variable", "scope": "GroupMember", "scopeKind": "class"}, {"_type": "tag", "name": "habit", "path": "/home/kavia/workspace/code-generation/habit-tracker-community-324979-324988/habit_buddy_backend/src/api/models.py", "pattern": "/^    habit: Mapped[Habit] = relationship(back_populates=\"checkins\")$/", "language": "Python", "typeref": "typename:Mapped[Habit]", "kind": "variable", "scope": "HabitCheckin", "scopeKind": "class"}, {"_type": "tag", "name": "habit", "path": "/home/kavia/workspace/code-generation/habit-tracker-community-324979-324988/habit_buddy_backend/src/api/models.py", "pattern": "/^    habit: Mapped[Habit] = relationship(back_populates=\"streak\")$/", "language": "Python", "typeref": "typename:Mapped[Habit]", "kind": "variable", "scope": "HabitStreak", "scopeKind": "class"}, {"_type": "tag", "name": "habit_id", "path": "/home/kavia/workspace/code-generation/habit-tracker-community-324979-324988/habit_buddy_backend/src/api/models.py", "pattern": "/^    habit_id: Mapped[uuid.UUID] = mapped_column($/", "language": "Python", "typeref": "typename:Mapped[uuid.UUID]", "kind": "variable", "scope": "HabitStreak", "scopeKind": "class"}, {"_type": "tag", "name": "habit_id", "path": "/home/kavia/workspace/code-generation/habit-tracker-community-324979-324988/habit_buddy_backend/src/api/models.py", "pattern": "/^    habit_id: Mapped[uuid.UUID] = mapped_column(UUID(as_uuid=True), ForeignKey(\"habits.id\", onde/", "language": "Python", "typeref": "typename:Mapped[uuid.UUID]", "kind": "variable", "scope": "HabitCheckin", "scopeKind": "class"}, {"_type": "tag", "name": "habit_type", "path": "/home/kavia/workspace/code-generation/habit-tracker-community-324979-324988/habit_buddy_backend/src/api/models.py", "pattern": "/^    habit_type: Mapped[str] = mapped_column(Text, nullable=False)  # e.g. daily$/", "language": "Python", "typeref": "typename:Mapped[str]", "kind": "variable", "scope": "Habit", "scopeKind": "class"}, {"_type": "tag", "name": "habits", "path": "/home/kavia/workspace/code-generation/habit-tracker-community-324979-324988/habit_buddy_backend/src/api/models.py", "pattern": "/^    habits: Mapped[list[\"Habit\"]] = relationship(back_populates=\"user\")$/", "language": "Python", "typeref": "typename:Mapped[list[\"Habit\"]]", "kind": "variable", "scope": "User", "scopeKind": "class"}, {"_type": "tag", "name": "icon", "path": "/home/kavia/workspace/code-generation/habit-tracker-community-324979-324988/habit_buddy_backend/src/api/models.py", "pattern": "/^    icon: Mapped[str | None] = mapped_column(Text, nullable=True)$/", "language": "Python", "typeref": "typename:Mapped[str | None]", "kind": "variable", "scope": "Badge", "scopeKind": "class"}, {"_type": "tag", "name": "icon", "path": "/home/kavia/workspace/code-generation/habit-tracker-community-324979-324988/habit_buddy_backend/src/api/models.py", "pattern": "/^    icon: Mapped[str | None] = mapped_column(Text, nullable=True)$/", "language": "Python", "typeref": "typename:Mapped[str | None]", "kind": "variable", "scope": "Habit", "scopeKind": "class"}, {"_type": "tag", "name": "id", "path": "/home/kavia/workspace/code-generation/habit-tracker-community-324979-324988/habit_buddy_backend/src/api/models.py", "pattern": "/^    id: Mapped[uuid.UUID] = mapped_column(UUID(as_uuid=True), primary_key=True)$/", "language": "Python", "typeref": "typename:Mapped[uuid.UUID]", "kind": "variable", "scope": "Badge", "scopeKind": "class"}, {"_type": "tag", "name": "id", "path": "/home/kavia/workspace/code-generation/habit-tracker-community-324979-324988/habit_buddy_backend/src/api/models.py", "pattern": "/^    id: Mapped[uuid.UUID] = mapped_column(UUID(as_uuid=True), primary_key=True)$/", "language": "Python", "typeref": "typename:Mapped[uuid.UUID]", "kind": "variable", "scope": "Challenge", "scopeKind": "class"}, {"_type": "tag", "name": "id", "path": "/home/kavia/workspace/code-generation/habit-tracker-community-324979-324988/habit_buddy_backend/src/api/models.py", "pattern": "/^    id: Mapped[uuid.UUID] = mapped_column(UUID(as_uuid=True), primary_key=True)$/", "language": "Python", "typeref": "typename:Mapped[uuid.UUID]", "kind": "variable", "scope": "FeedPost", "scopeKind": "class"}, {"_type": "tag", "name": "id", "path": "/home/kavia/workspace/code-generation/habit-tracker-community-324979-324988/habit_buddy_backend/src/api/models.py", "pattern": "/^    id: Mapped[uuid.UUID] = mapped_column(UUID(as_uuid=True), primary_key=True)$/", "language": "Python", "typeref": "typename:Mapped[uuid.UUID]", "kind": "variable", "scope": "FeedPostComment", "scopeKind": "class"}, {"_type": "tag", "name": "id", "path": "/home/kavia/workspace/code-generation/habit-tracker-community-324979-324988/habit_buddy_backend/src/api/models.py", "pattern": "/^    id: Mapped[uuid.UUID] = mapped_column(UUID(as_uuid=True), primary_key=True)$/", "language": "Python", "typeref": "typename:Mapped[uuid.UUID]", "kind": "variable", "scope": "Group", "scopeKind": "class"}, {"_type": "tag", "name": "id", "path": "/home/kavia/workspace/code-generation/habit-tracker-community-324979-324988/habit_buddy_backend/src/api/models.py", "pattern": "/^    id: Mapped[uuid.UUID] = mapped_column(UUID(as_uuid=True), primary_key=True)$/", "language": "Python", "typeref": "typename:Mapped[uuid.UUID]", "kind": "variable", "scope": "Habit", "scopeKind": "class"}, {"_type": "tag", "name": "id", "path": "/home/kavia/workspace/code-generation/habit-tracker-community-324979-324988/habit_buddy_backend/src/api/models.py", "pattern": "/^    id: Mapped[uuid.UUID] = mapped_column(UUID(as_uuid=True), primary_key=True)$/", "language": "Python", "typeref": "typename:Mapped[uuid.UUID]", "kind": "variable", "scope": "HabitCheckin", "scopeKind": "class"}], "hash": "96e7d03ce5a1d4b53ec37d41095ff856", "format-version": 4, "code-base-name": "habit_buddy_backend", "filename": "habit_buddy_backend/src/api/models.py", "fields": [{"name": "__table_args__ = (UniqueConstraint(\"habit_id\", \"checkin_date\", name=\"habit_checkins_habit_id/", "scope": "HabitCheckin", "scopeKind": "class", "description": "unavailable"}, {"name": "__tablename__ = \"badges\"", "scope": "Badge", "scopeKind": "class", "description": "unavailable"}, {"name": "__tablename__ = \"challenge_participants\"", "scope": "ChallengeParticipant", "scopeKind": "class", "description": "unavailable"}, {"name": "__tablename__ = \"challenges\"", "scope": "Challenge", "scopeKind": "class", "description": "unavailable"}, {"name": "__tablename__ = \"feed_post_comments\"", "scope": "FeedPostComment", "scopeKind": "class", "description": "unavailable"}, {"name": "__tablename__ = \"feed_post_likes\"", "scope": "FeedPostLike", "scopeKind": "class", "description": "unavailable"}, {"name": "__tablename__ = \"feed_posts\"", "scope": "FeedPost", "scopeKind": "class", "description": "unavailable"}, {"name": "__tablename__ = \"group_members\"", "scope": "GroupMember", "scopeKind": "class", "description": "unavailable"}, {"name": "__tablename__ = \"groups\"", "scope": "Group", "scopeKind": "class", "description": "unavailable"}, {"name": "__tablename__ = \"habit_checkins\"", "scope": "HabitCheckin", "scopeKind": "class", "description": "unavailable"}, {"name": "__tablename__ = \"habit_streaks\"", "scope": "HabitStreak", "scopeKind": "class", "description": "unavailable"}, {"name": "__tablename__ = \"habits\"", "scope": "Habit", "scopeKind": "class", "description": "unavailable"}, {"name": "__tablename__ = \"notifications\"", "scope": "Notification", "scopeKind": "class", "description": "unavailable"}, {"name": "__tablename__ = \"user_badges\"", "scope": "UserBadge", "scopeKind": "class", "description": "unavailable"}, {"name": "__tablename__ = \"users\"", "scope": "User", "scopeKind": "class", "description": "unavailable"}, {"name": "Mapped[str | None] avatar_url", "scope": "User", "scopeKind": "class", "description": "unavailable"}, {"name": "Mapped[uuid.UUID] badge_id", "scope": "UserBadge", "scopeKind": "class", "description": "unavailable"}, {"name": "Mapped[str | None] bio", "scope": "User", "scopeKind": "class", "description": "unavailable"}, {"name": "Mapped[str | None] body", "scope": "Notification", "scopeKind": "class", "description": "unavailable"}, {"name": "Mapped[uuid.UUID] challenge_id", "scope": "ChallengeParticipant", "scopeKind": "class", "description": "unavailable"}, {"name": "Mapped[date] checkin_date", "scope": "HabitCheckin", "scopeKind": "class", "description": "unavailable"}, {"name": "Mapped[list[\"HabitCheckin\"]] checkins", "scope": "Habit", "scopeKind": "class", "description": "unavailable"}, {"name": "Mapped[str] code", "scope": "Badge", "scopeKind": "class", "description": "unavailable"}, {"name": "Mapped[str | None] color", "scope": "Habit", "scopeKind": "class", "description": "unavailable"}, {"name": "Mapped[int] comment_count", "scope": "FeedPost", "scopeKind": "class", "description": "unavailable"}, {"name": "Mapped[str | None] content", "scope": "FeedPost", "scopeKind": "class", "description": "unavailable"}, {"name": "Mapped[str] content", "scope": "FeedPostComment", "scopeKind": "class", "description": "unavailable"}, {"name": "Mapped[dict[str, Any] | None] context", "scope": "UserBadge", "scopeKind": "class", "description": "unavailable"}, {"name": "Mapped[datetime] created_at", "scope": "Badge", "scopeKind": "class", "description": "unavailable"}, {"name": "Mapped[uuid.UUID] creator_id", "scope": "Challenge", "scopeKind": "class", "description": "unavailable"}, {"name": "Mapped[int] current_streak", "scope": "HabitStreak", "scopeKind": "class", "description": "unavailable"}, {"name": "Mapped[dict[str, Any] | None] data", "scope": "FeedPost", "scopeKind": "class", "description": "unavailable"}, {"name": "Mapped[str | None] description", "scope": "Badge", "scopeKind": "class", "description": "unavailable"}, {"name": "Mapped[str] display_name", "scope": "User", "scopeKind": "class", "description": "unavailable"}, {"name": "Mapped[datetime] earned_at", "scope": "UserBadge", "scopeKind": "class", "description": "unavailable"}, {"name": "Mapped[str] email", "scope": "User", "scopeKind": "class", "description": "unavailable"}, {"name": "Mapped[date] end_date", "scope": "Challenge", "scopeKind": "class", "description": "unavailable"}, {"name": "Mapped[str] goal_type", "scope": "Challenge", "scopeKind": "class", "description": "unavailable"}, {"name": "Mapped[int | None] goal_value", "scope": "Challenge", "scopeKind": "class", "description": "unavailable"}, {"name": "Mapped[uuid.UUID | None] group_id", "scope": "Challenge", "scopeKind": "class", "description": "unavailable"}, {"name": "Mapped[uuid.UUID] group_id", "scope": "GroupMember", "scopeKind": "class", "description": "unavailable"}, {"name": "Mapped[Habit] habit", "scope": "HabitCheckin", "scopeKind": "class", "description": "unavailable"}, {"name": "Mapped[uuid.UUID] habit_id", "scope": "HabitStreak", "scopeKind": "class", "description": "unavailable"}, {"name": "Mapped[str] habit_type", "scope": "Habit", "scopeKind": "class", "description": "unavailable"}, {"name": "Mapped[list[\"Habit\"]] habits", "scope": "User", "scopeKind": "class", "description": "unavailable"}, {"name": "Mapped[str | None] icon", "scope": "Badge", "scopeKind": "class", "description": "unavailable"}, {"name": "Mapped[uuid.UUID] id", "scope": "Badge", "scopeKind": "class", "description": "unavailable"}], "revision_history": [{"15": ""}]}