{"is_source_file": true, "format": "Python", "description": "This file appears to be an __init__.py file with minimal content, likely used for package initialization in the API routers module of the Habit Buddy backend project.", "external_files": [], "external_methods": [], "published": [], "classes": [], "methods": [], "calls": [], "search-terms": ["habit_buddy_backend", "api", "routers", "__init__.py", "habit"], "state": 2, "file_id": 18, "knowledge_revision": 37, "git_revision": "", "ctags": [], "hash": "bbf878e315c9a40968de7a33481e69fb", "format-version": 4, "code-base-name": "habit_buddy_backend", "filename": "habit_buddy_backend/src/api/routers/__init__.py", "revision_history": [{"37": ""}]}