{"is_source_file": true, "format": "Python", "description": "This file defines various data models for a habit tracking API using Pydantic. It includes request and response schemas for user management, habits, groups, challenges, badges, notifications, feeds, and related entities.", "external_files": ["uuid", "datetime", "typing", "pydantic"], "external_methods": [], "published": ["HealthResponse", "TokenResponse", "RegisterRequest", "LoginRequest", "UserPublic", "UserUpdateRequest", "HabitCreateRequest", "HabitUpdateRequest", "HabitResponse", "HabitStreakResponse", "HabitCheckinCreateRequest", "HabitCheckinResponse", "GroupCreateRequest", "GroupResponse", "ChallengeCreateRequest", "ChallengeResponse", "BadgeResponse", "UserBadgeResponse", "NotificationResponse", "FeedPostCreateRequest", "FeedPostResponse", "FeedCommentCreateRequest", "FeedCommentResponse"], "classes": [{"name": "HealthResponse", "description": "Schema for health check response containing a message."}, {"name": "TokenResponse", "description": "Schema for JWT token response with access token and token type."}, {"name": "RegisterRequest", "description": "Schema for user registration request including email, password, display name, and optional timezone."}, {"name": "LoginRequest", "description": "Schema for login request with email and password."}, {"name": "UserPublic", "description": "Schema for public user information including id, email, display name, avatar, bio, timezone. Config sets from_attributes to true."}, {"name": "UserUpdateRequest", "description": "Schema for updating user profile details such as display name, bio, avatar, and timezone."}, {"name": "HabitCreateRequest", "description": "Schema for creating a new habit with title, description, type, target, schedule, reminder, visibility, color, and icon."}, {"name": "HabitUpdateRequest", "description": "Schema for updating an existing habit with optional fields."}, {"name": "HabitResponse", "description": "Schema representing a habit including id, title, description, type, target, schedule, reminder, status, color, icon, timestamps. Config from_attributes = True."}, {"name": "HabitStreakResponse", "description": "Schema for reporting current and longest streaks for a habit, last check-in date. Config from_attributes = True."}, {"name": "HabitCheckinCreateRequest", "description": "Schema for creating a habit check-in with date, optional value, and note."}, {"name": "HabitCheckinResponse", "description": "Schema for habit check-in record with id, habit and user ids, date, value, note, creation time. Config from_attributes = True."}, {"name": "GroupCreateRequest", "description": "Schema for creating a group with name, description, and privacy flag."}, {"name": "GroupResponse", "description": "Schema representing a group with id, name, description, owner, privacy, invite code, creation time. Config from_attributes = True."}, {"name": "ChallengeCreateRequest", "description": "Schema for creating a challenge including optional group, title, description, dates, goal type and value."}, {"name": "ChallengeResponse", "description": "Schema representing a challenge with details, timestamps, and active status. Config from_attributes = True."}, {"name": "BadgeResponse", "description": "Schema for badge information including id, code, name, description, icon, creation date. Config from_attributes = True."}, {"name": "UserBadgeResponse", "description": "Schema for tracking user badges, including user and badge IDs, earned date, and context."}, {"name": "NotificationResponse", "description": "Schema for notifications with id, user, type, title, body, data, read status, timestamps."}, {"name": "FeedPostCreateRequest", "description": "Schema for creating a feed post with optional group, post type, content, and structured data."}, {"name": "FeedPostResponse", "description": "Schema representing a feed post including metadata like counts and timestamps."}, {"name": "FeedCommentCreateRequest", "description": "Schema for creating a comment on a feed post with content."}, {"name": "FeedCommentResponse", "description": "Schema for comment data including id, post and user IDs, content, and timestamp."}], "search-terms": ["schemas", "pydantic models", "habit", "user", "group", "challenge", "badge", "notification", "feed"], "state": 2, "file_id": 10, "knowledge_revision": 21, "git_revision": "", "ctags": [{"_type": "tag", "name": "BadgeResponse", "path": "/home/kavia/workspace/code-generation/habit-tracker-community-324979-324988/habit_buddy_backend/src/api/schemas.py", "pattern": "/^class BadgeResponse(BaseModel):$/", "language": "Python", "kind": "class"}, {"_type": "tag", "name": "ChallengeCreateRequest", "path": "/home/kavia/workspace/code-generation/habit-tracker-community-324979-324988/habit_buddy_backend/src/api/schemas.py", "pattern": "/^class ChallengeCreateRequest(BaseModel):$/", "language": "Python", "kind": "class"}, {"_type": "tag", "name": "ChallengeResponse", "path": "/home/kavia/workspace/code-generation/habit-tracker-community-324979-324988/habit_buddy_backend/src/api/schemas.py", "pattern": "/^class ChallengeResponse(BaseModel):$/", "language": "Python", "kind": "class"}, {"_type": "tag", "name": "Config", "path": "/home/kavia/workspace/code-generation/habit-tracker-community-324979-324988/habit_buddy_backend/src/api/schemas.py", "pattern": "/^    class Config:$/", "language": "Python", "kind": "class", "scope": "BadgeResponse", "scopeKind": "class"}, {"_type": "tag", "name": "Config", "path": "/home/kavia/workspace/code-generation/habit-tracker-community-324979-324988/habit_buddy_backend/src/api/schemas.py", "pattern": "/^    class Config:$/", "language": "Python", "kind": "class", "scope": "ChallengeResponse", "scopeKind": "class"}, {"_type": "tag", "name": "Config", "path": "/home/kavia/workspace/code-generation/habit-tracker-community-324979-324988/habit_buddy_backend/src/api/schemas.py", "pattern": "/^    class Config:$/", "language": "Python", "kind": "class", "scope": "FeedCommentResponse", "scopeKind": "class"}, {"_type": "tag", "name": "Config", "path": "/home/kavia/workspace/code-generation/habit-tracker-community-324979-324988/habit_buddy_backend/src/api/schemas.py", "pattern": "/^    class Config:$/", "language": "Python", "kind": "class", "scope": "FeedPostResponse", "scopeKind": "class"}, {"_type": "tag", "name": "Config", "path": "/home/kavia/workspace/code-generation/habit-tracker-community-324979-324988/habit_buddy_backend/src/api/schemas.py", "pattern": "/^    class Config:$/", "language": "Python", "kind": "class", "scope": "GroupResponse", "scopeKind": "class"}, {"_type": "tag", "name": "Config", "path": "/home/kavia/workspace/code-generation/habit-tracker-community-324979-324988/habit_buddy_backend/src/api/schemas.py", "pattern": "/^    class Config:$/", "language": "Python", "kind": "class", "scope": "HabitCheckinResponse", "scopeKind": "class"}, {"_type": "tag", "name": "Config", "path": "/home/kavia/workspace/code-generation/habit-tracker-community-324979-324988/habit_buddy_backend/src/api/schemas.py", "pattern": "/^    class Config:$/", "language": "Python", "kind": "class", "scope": "HabitResponse", "scopeKind": "class"}, {"_type": "tag", "name": "Config", "path": "/home/kavia/workspace/code-generation/habit-tracker-community-324979-324988/habit_buddy_backend/src/api/schemas.py", "pattern": "/^    class Config:$/", "language": "Python", "kind": "class", "scope": "HabitStreakResponse", "scopeKind": "class"}, {"_type": "tag", "name": "Config", "path": "/home/kavia/workspace/code-generation/habit-tracker-community-324979-324988/habit_buddy_backend/src/api/schemas.py", "pattern": "/^    class Config:$/", "language": "Python", "kind": "class", "scope": "NotificationResponse", "scopeKind": "class"}, {"_type": "tag", "name": "Config", "path": "/home/kavia/workspace/code-generation/habit-tracker-community-324979-324988/habit_buddy_backend/src/api/schemas.py", "pattern": "/^    class Config:$/", "language": "Python", "kind": "class", "scope": "UserBadgeResponse", "scopeKind": "class"}, {"_type": "tag", "name": "Config", "path": "/home/kavia/workspace/code-generation/habit-tracker-community-324979-324988/habit_buddy_backend/src/api/schemas.py", "pattern": "/^    class Config:$/", "language": "Python", "kind": "class", "scope": "UserPublic", "scopeKind": "class"}, {"_type": "tag", "name": "FeedCommentCreateRequest", "path": "/home/kavia/workspace/code-generation/habit-tracker-community-324979-324988/habit_buddy_backend/src/api/schemas.py", "pattern": "/^class FeedCommentCreateRequest(BaseModel):$/", "language": "Python", "kind": "class"}, {"_type": "tag", "name": "FeedCommentResponse", "path": "/home/kavia/workspace/code-generation/habit-tracker-community-324979-324988/habit_buddy_backend/src/api/schemas.py", "pattern": "/^class FeedCommentResponse(BaseModel):$/", "language": "Python", "kind": "class"}, {"_type": "tag", "name": "FeedPostCreateRequest", "path": "/home/kavia/workspace/code-generation/habit-tracker-community-324979-324988/habit_buddy_backend/src/api/schemas.py", "pattern": "/^class FeedPostCreateRequest(BaseModel):$/", "language": "Python", "kind": "class"}, {"_type": "tag", "name": "FeedPostResponse", "path": "/home/kavia/workspace/code-generation/habit-tracker-community-324979-324988/habit_buddy_backend/src/api/schemas.py", "pattern": "/^class FeedPostResponse(BaseModel):$/", "language": "Python", "kind": "class"}, {"_type": "tag", "name": "GroupCreateRequest", "path": "/home/kavia/workspace/code-generation/habit-tracker-community-324979-324988/habit_buddy_backend/src/api/schemas.py", "pattern": "/^class GroupCreateRequest(BaseModel):$/", "language": "Python", "kind": "class"}, {"_type": "tag", "name": "GroupResponse", "path": "/home/kavia/workspace/code-generation/habit-tracker-community-324979-324988/habit_buddy_backend/src/api/schemas.py", "pattern": "/^class GroupResponse(BaseModel):$/", "language": "Python", "kind": "class"}, {"_type": "tag", "name": "HabitCheckinCreateRequest", "path": "/home/kavia/workspace/code-generation/habit-tracker-community-324979-324988/habit_buddy_backend/src/api/schemas.py", "pattern": "/^class HabitCheckinCreateRequest(BaseModel):$/", "language": "Python", "kind": "class"}, {"_type": "tag", "name": "HabitCheckinResponse", "path": "/home/kavia/workspace/code-generation/habit-tracker-community-324979-324988/habit_buddy_backend/src/api/schemas.py", "pattern": "/^class HabitCheckinResponse(BaseModel):$/", "language": "Python", "kind": "class"}, {"_type": "tag", "name": "HabitCreateRequest", "path": "/home/kavia/workspace/code-generation/habit-tracker-community-324979-324988/habit_buddy_backend/src/api/schemas.py", "pattern": "/^class HabitCreateRequest(BaseModel):$/", "language": "Python", "kind": "class"}, {"_type": "tag", "name": "HabitResponse", "path": "/home/kavia/workspace/code-generation/habit-tracker-community-324979-324988/habit_buddy_backend/src/api/schemas.py", "pattern": "/^class HabitResponse(BaseModel):$/", "language": "Python", "kind": "class"}, {"_type": "tag", "name": "HabitStreakResponse", "path": "/home/kavia/workspace/code-generation/habit-tracker-community-324979-324988/habit_buddy_backend/src/api/schemas.py", "pattern": "/^class HabitStreakResponse(BaseModel):$/", "language": "Python", "kind": "class"}, {"_type": "tag", "name": "HabitUpdateRequest", "path": "/home/kavia/workspace/code-generation/habit-tracker-community-324979-324988/habit_buddy_backend/src/api/schemas.py", "pattern": "/^class HabitUpdateRequest(BaseModel):$/", "language": "Python", "kind": "class"}, {"_type": "tag", "name": "HealthResponse", "path": "/home/kavia/workspace/code-generation/habit-tracker-community-324979-324988/habit_buddy_backend/src/api/schemas.py", "pattern": "/^class HealthResponse(BaseModel):$/", "language": "Python", "kind": "class"}, {"_type": "tag", "name": "LoginRequest", "path": "/home/kavia/workspace/code-generation/habit-tracker-community-324979-324988/habit_buddy_backend/src/api/schemas.py", "pattern": "/^class LoginRequest(BaseModel):$/", "language": "Python", "kind": "class"}, {"_type": "tag", "name": "NotificationResponse", "path": "/home/kavia/workspace/code-generation/habit-tracker-community-324979-324988/habit_buddy_backend/src/api/schemas.py", "pattern": "/^class NotificationResponse(BaseModel):$/", "language": "Python", "kind": "class"}, {"_type": "tag", "name": "RegisterRequest", "path": "/home/kavia/workspace/code-generation/habit-tracker-community-324979-324988/habit_buddy_backend/src/api/schemas.py", "pattern": "/^class RegisterRequest(BaseModel):$/", "language": "Python", "kind": "class"}, {"_type": "tag", "name": "TokenResponse", "path": "/home/kavia/workspace/code-generation/habit-tracker-community-324979-324988/habit_buddy_backend/src/api/schemas.py", "pattern": "/^class TokenResponse(BaseModel):$/", "language": "Python", "kind": "class"}, {"_type": "tag", "name": "UserBadgeResponse", "path": "/home/kavia/workspace/code-generation/habit-tracker-community-324979-324988/habit_buddy_backend/src/api/schemas.py", "pattern": "/^class UserBadgeResponse(BaseModel):$/", "language": "Python", "kind": "class"}, {"_type": "tag", "name": "UserPublic", "path": "/home/kavia/workspace/code-generation/habit-tracker-community-324979-324988/habit_buddy_backend/src/api/schemas.py", "pattern": "/^class UserPublic(BaseModel):$/", "language": "Python", "kind": "class"}, {"_type": "tag", "name": "UserUpdateRequest", "path": "/home/kavia/workspace/code-generation/habit-tracker-community-324979-324988/habit_buddy_backend/src/api/schemas.py", "pattern": "/^class UserUpdateRequest(BaseModel):$/", "language": "Python", "kind": "class"}, {"_type": "tag", "name": "access_token", "path": "/home/kavia/workspace/code-generation/habit-tracker-community-324979-324988/habit_buddy_backend/src/api/schemas.py", "pattern": "/^    access_token: str = Field(..., description=\"JWT access token\")$/", "language": "Python", "typeref": "typename:str", "kind": "variable", "scope": "TokenResponse", "scopeKind": "class"}, {"_type": "tag", "name": "checkin_date", "path": "/home/kavia/workspace/code-generation/habit-tracker-community-324979-324988/habit_buddy_backend/src/api/schemas.py", "pattern": "/^    checkin_date: date = Field(..., description=\"Date of check-in\")$/", "language": "Python", "typeref": "typename:date", "kind": "variable", "scope": "HabitCheckinCreateRequest", "scopeKind": "class"}, {"_type": "tag", "name": "content", "path": "/home/kavia/workspace/code-generation/habit-tracker-community-324979-324988/habit_buddy_backend/src/api/schemas.py", "pattern": "/^    content: str = Field(..., min_length=1, description=\"Comment content\")$/", "language": "Python", "typeref": "typename:str", "kind": "variable", "scope": "FeedCommentCreateRequest", "scopeKind": "class"}, {"_type": "tag", "name": "display_name", "path": "/home/kavia/workspace/code-generation/habit-tracker-community-324979-324988/habit_buddy_backend/src/api/schemas.py", "pattern": "/^    display_name: str = Field(..., min_length=1, description=\"Public display name\")$/", "language": "Python", "typeref": "typename:str", "kind": "variable", "scope": "RegisterRequest", "scopeKind": "class"}, {"_type": "tag", "name": "email", "path": "/home/kavia/workspace/code-generation/habit-tracker-community-324979-324988/habit_buddy_backend/src/api/schemas.py", "pattern": "/^    email: EmailStr = Field(..., description=\"User email (unique)\")$/", "language": "Python", "typeref": "typename:EmailStr", "kind": "variable", "scope": "RegisterRequest", "scopeKind": "class"}, {"_type": "tag", "name": "email", "path": "/home/kavia/workspace/code-generation/habit-tracker-community-324979-324988/habit_buddy_backend/src/api/schemas.py", "pattern": "/^    email: EmailStr = Field(..., description=\"User email\")$/", "language": "Python", "typeref": "typename:EmailStr", "kind": "variable", "scope": "LoginRequest", "scopeKind": "class"}, {"_type": "tag", "name": "end_date", "path": "/home/kavia/workspace/code-generation/habit-tracker-community-324979-324988/habit_buddy_backend/src/api/schemas.py", "pattern": "/^    end_date: date = Field(..., description=\"End date\")$/", "language": "Python", "typeref": "typename:date", "kind": "variable", "scope": "ChallengeCreateRequest", "scopeKind": "class"}, {"_type": "tag", "name": "from_attributes", "path": "/home/kavia/workspace/code-generation/habit-tracker-community-324979-324988/habit_buddy_backend/src/api/schemas.py", "pattern": "/^        from_attributes = True$/", "language": "Python", "kind": "variable", "scope": "BadgeResponse.Config", "scopeKind": "class"}, {"_type": "tag", "name": "from_attributes", "path": "/home/kavia/workspace/code-generation/habit-tracker-community-324979-324988/habit_buddy_backend/src/api/schemas.py", "pattern": "/^        from_attributes = True$/", "language": "Python", "kind": "variable", "scope": "ChallengeResponse.Config", "scopeKind": "class"}, {"_type": "tag", "name": "from_attributes", "path": "/home/kavia/workspace/code-generation/habit-tracker-community-324979-324988/habit_buddy_backend/src/api/schemas.py", "pattern": "/^        from_attributes = True$/", "language": "Python", "kind": "variable", "scope": "FeedCommentResponse.Config", "scopeKind": "class"}, {"_type": "tag", "name": "from_attributes", "path": "/home/kavia/workspace/code-generation/habit-tracker-community-324979-324988/habit_buddy_backend/src/api/schemas.py", "pattern": "/^        from_attributes = True$/", "language": "Python", "kind": "variable", "scope": "FeedPostResponse.Config", "scopeKind": "class"}, {"_type": "tag", "name": "from_attributes", "path": "/home/kavia/workspace/code-generation/habit-tracker-community-324979-324988/habit_buddy_backend/src/api/schemas.py", "pattern": "/^        from_attributes = True$/", "language": "Python", "kind": "variable", "scope": "GroupResponse.Config", "scopeKind": "class"}, {"_type": "tag", "name": "from_attributes", "path": "/home/kavia/workspace/code-generation/habit-tracker-community-324979-324988/habit_buddy_backend/src/api/schemas.py", "pattern": "/^        from_attributes = True$/", "language": "Python", "kind": "variable", "scope": "HabitCheckinResponse.Config", "scopeKind": "class"}, {"_type": "tag", "name": "from_attributes", "path": "/home/kavia/workspace/code-generation/habit-tracker-community-324979-324988/habit_buddy_backend/src/api/schemas.py", "pattern": "/^        from_attributes = True$/", "language": "Python", "kind": "variable", "scope": "HabitResponse.Config", "scopeKind": "class"}, {"_type": "tag", "name": "from_attributes", "path": "/home/kavia/workspace/code-generation/habit-tracker-community-324979-324988/habit_buddy_backend/src/api/schemas.py", "pattern": "/^        from_attributes = True$/", "language": "Python", "kind": "variable", "scope": "HabitStreakResponse.Config", "scopeKind": "class"}, {"_type": "tag", "name": "from_attributes", "path": "/home/kavia/workspace/code-generation/habit-tracker-community-324979-324988/habit_buddy_backend/src/api/schemas.py", "pattern": "/^        from_attributes = True$/", "language": "Python", "kind": "variable", "scope": "NotificationResponse.Config", "scopeKind": "class"}, {"_type": "tag", "name": "from_attributes", "path": "/home/kavia/workspace/code-generation/habit-tracker-community-324979-324988/habit_buddy_backend/src/api/schemas.py", "pattern": "/^        from_attributes = True$/", "language": "Python", "kind": "variable", "scope": "UserBadgeResponse.Config", "scopeKind": "class"}, {"_type": "tag", "name": "from_attributes", "path": "/home/kavia/workspace/code-generation/habit-tracker-community-324979-324988/habit_buddy_backend/src/api/schemas.py", "pattern": "/^        from_attributes = True$/", "language": "Python", "kind": "variable", "scope": "UserPublic.Config", "scopeKind": "class"}, {"_type": "tag", "name": "goal_type", "path": "/home/kavia/workspace/code-generation/habit-tracker-community-324979-324988/habit_buddy_backend/src/api/schemas.py", "pattern": "/^    goal_type: str = Field(\"streak\", description=\"Goal type (streak\\/value)\")$/", "language": "Python", "typeref": "typename:str", "kind": "variable", "scope": "ChallengeCreateRequest", "scopeKind": "class"}, {"_type": "tag", "name": "habit_type", "path": "/home/kavia/workspace/code-generation/habit-tracker-community-324979-324988/habit_buddy_backend/src/api/schemas.py", "pattern": "/^    habit_type: str = Field(\"daily\", description=\"Habit type (e.g., daily)\")$/", "language": "Python", "typeref": "typename:str", "kind": "variable", "scope": "HabitCreateRequest", "scopeKind": "class"}, {"_type": "tag", "name": "is_private", "path": "/home/kavia/workspace/code-generation/habit-tracker-community-324979-324988/habit_buddy_backend/src/api/schemas.py", "pattern": "/^    is_private: bool = Field(False, description=\"Private group flag\")$/", "language": "Python", "typeref": "typename:bool", "kind": "variable", "scope": "GroupCreateRequest", "scopeKind": "class"}, {"_type": "tag", "name": "is_public", "path": "/home/kavia/workspace/code-generation/habit-tracker-community-324979-324988/habit_buddy_backend/src/api/schemas.py", "pattern": "/^    is_public: bool = Field(False, description=\"Whether habit is public\")$/", "language": "Python", "typeref": "typename:bool", "kind": "variable", "scope": "HabitCreateRequest", "scopeKind": "class"}, {"_type": "tag", "name": "message", "path": "/home/kavia/workspace/code-generation/habit-tracker-community-324979-324988/habit_buddy_backend/src/api/schemas.py", "pattern": "/^    message: str = Field(..., description=\"Health check message\")$/", "language": "Python", "typeref": "typename:str", "kind": "variable", "scope": "HealthResponse", "scopeKind": "class"}, {"_type": "tag", "name": "name", "path": "/home/kavia/workspace/code-generation/habit-tracker-community-324979-324988/habit_buddy_backend/src/api/schemas.py", "pattern": "/^    name: str = Field(..., min_length=1, description=\"Group name\")$/", "language": "Python", "typeref": "typename:str", "kind": "variable", "scope": "GroupCreateRequest", "scopeKind": "class"}, {"_type": "tag", "name": "password", "path": "/home/kavia/workspace/code-generation/habit-tracker-community-324979-324988/habit_buddy_backend/src/api/schemas.py", "pattern": "/^    password: str = Field(..., description=\"User password\")$/", "language": "Python", "typeref": "typename:str", "kind": "variable", "scope": "LoginRequest", "scopeKind": "class"}, {"_type": "tag", "name": "password", "path": "/home/kavia/workspace/code-generation/habit-tracker-community-324979-324988/habit_buddy_backend/src/api/schemas.py", "pattern": "/^    password: str = Field(..., min_length=6, description=\"User password\")$/", "language": "Python", "typeref": "typename:str", "kind": "variable", "scope": "RegisterRequest", "scopeKind": "class"}, {"_type": "tag", "name": "post_type", "path": "/home/kavia/workspace/code-generation/habit-tracker-community-324979-324988/habit_buddy_backend/src/api/schemas.py", "pattern": "/^    post_type: Literal[\"text\", \"achievement\"] = Field(\"text\", description=\"Post type\")$/", "language": "Python", "typeref": "typename:Literal[\"text\", \"achievement\"]", "kind": "variable", "scope": "FeedPostCreateRequest", "scopeKind": "class"}, {"_type": "tag", "name": "start_date", "path": "/home/kavia/workspace/code-generation/habit-tracker-community-324979-324988/habit_buddy_backend/src/api/schemas.py", "pattern": "/^    start_date: date = Field(..., description=\"Start date\")$/", "language": "Python", "typeref": "typename:date", "kind": "variable", "scope": "ChallengeCreateRequest", "scopeKind": "class"}, {"_type": "tag", "name": "title", "path": "/home/kavia/workspace/code-generation/habit-tracker-community-324979-324988/habit_buddy_backend/src/api/schemas.py", "pattern": "/^    title: str = Field(..., min_length=1, description=\"Challenge title\")$/", "language": "Python", "typeref": "typename:str", "kind": "variable", "scope": "ChallengeCreateRequest", "scopeKind": "class"}, {"_type": "tag", "name": "title", "path": "/home/kavia/workspace/code-generation/habit-tracker-community-324979-324988/habit_buddy_backend/src/api/schemas.py", "pattern": "/^    title: str = Field(..., min_length=1, description=\"Habit title\")$/", "language": "Python", "typeref": "typename:str", "kind": "variable", "scope": "HabitCreateRequest", "scopeKind": "class"}, {"_type": "tag", "name": "token_type", "path": "/home/kavia/workspace/code-generation/habit-tracker-community-324979-324988/habit_buddy_backend/src/api/schemas.py", "pattern": "/^    token_type: str = Field(\"bearer\", description=\"Token type\")$/", "language": "Python", "typeref": "typename:str", "kind": "variable", "scope": "TokenResponse", "scopeKind": "class"}], "hash": "9fd8bd99b77990f4b1f8a77cb8900e33", "format-version": 4, "code-base-name": "habit_buddy_backend", "filename": "habit_buddy_backend/src/api/schemas.py", "fields": [{"name": "str access_token", "scope": "TokenResponse", "scopeKind": "class", "description": "unavailable"}, {"name": "date checkin_date", "scope": "HabitCheckinCreateRequest", "scopeKind": "class", "description": "unavailable"}, {"name": "str content", "scope": "FeedCommentCreateRequest", "scopeKind": "class", "description": "unavailable"}, {"name": "str display_name", "scope": "RegisterRequest", "scopeKind": "class", "description": "unavailable"}, {"name": "EmailStr email", "scope": "RegisterRequest", "scopeKind": "class", "description": "unavailable"}, {"name": "date end_date", "scope": "ChallengeCreateRequest", "scopeKind": "class", "description": "unavailable"}, {"name": "from_attributes = True", "scope": "BadgeResponse.Config", "scopeKind": "class", "description": "unavailable"}, {"name": "str goal_type", "scope": "ChallengeCreateRequest", "scopeKind": "class", "description": "unavailable"}, {"name": "str habit_type", "scope": "HabitCreateRequest", "scopeKind": "class", "description": "unavailable"}, {"name": "bool is_private", "scope": "GroupCreateRequest", "scopeKind": "class", "description": "unavailable"}, {"name": "bool is_public", "scope": "HabitCreateRequest", "scopeKind": "class", "description": "unavailable"}, {"name": "str message", "scope": "HealthResponse", "scopeKind": "class", "description": "unavailable"}, {"name": "str name", "scope": "GroupCreateRequest", "scopeKind": "class", "description": "unavailable"}, {"name": "str password", "scope": "LoginRequest", "scopeKind": "class", "description": "unavailable"}, {"name": "Literal[\"text\", \"achievement\"] post_type", "scope": "FeedPostCreateRequest", "scopeKind": "class", "description": "unavailable"}, {"name": "date start_date", "scope": "ChallengeCreateRequest", "scopeKind": "class", "description": "unavailable"}, {"name": "str title", "scope": "ChallengeCreateRequest", "scopeKind": "class", "description": "unavailable"}, {"name": "str token_type", "scope": "TokenResponse", "scopeKind": "class", "description": "unavailable"}], "revision_history": [{"21": ""}]}