{"is_source_file": true, "format": "Python", "description": "Main FastAPI application setup, including middleware, route registration, and health check endpoint for the Habit Buddy backend API.", "external_files": ["src.api.core.config", "src.api.routers.auth", "src.api.routers.badges", "src.api.routers.challenges", "src.api.routers.feed", "src.api.routers.groups", "src.api.routers.habits", "src.api.routers.notifications", "src.api.schemas"], "external_methods": ["get_settings", "HealthResponse"], "published": ["app"], "classes": [{"name": "FastAPI", "description": "Main application class from FastAPI framework, used to initialize the app."}, {"name": "HealthResponse", "description": "Pydantic model for health check response."}], "methods": [{"name": "HealthResponse health_check()", "description": "Health check endpoint returning a simple status message.", "scope": "", "scopeKind": ""}], "calls": ["get_settings", "app.add_middleware", "app.include_router", "HealthResponse"], "search-terms": ["FastAPI", "main.py", "health check", "middleware", "routers", "CORS", "HealthResponse", "Habit Buddy"], "state": 2, "file_id": 3, "knowledge_revision": 38, "git_revision": "5ad3a7ede60b3f28e146015852270fc6737bce94", "revision_history": [{"9": "5ad3a7ede60b3f28e146015852270fc6737bce94"}, {"38": "5ad3a7ede60b3f28e146015852270fc6737bce94"}], "ctags": [{"_type": "tag", "name": "app", "path": "/home/kavia/workspace/code-generation/habit-tracker-community-324979-324988/habit_buddy_backend/src/api/main.py", "pattern": "/^app = FastAPI($/", "language": "Python", "kind": "variable"}, {"_type": "tag", "name": "auth_router", "path": "/home/kavia/workspace/code-generation/habit-tracker-community-324979-324988/habit_buddy_backend/src/api/main.py", "pattern": "/^from src.api.routers.auth import router as auth_router$/", "language": "Python", "kind": "unknown", "nameref": "unknown:router"}, {"_type": "tag", "name": "badges_router", "path": "/home/kavia/workspace/code-generation/habit-tracker-community-324979-324988/habit_buddy_backend/src/api/main.py", "pattern": "/^from src.api.routers.badges import router as badges_router$/", "language": "Python", "kind": "unknown", "nameref": "unknown:router"}, {"_type": "tag", "name": "challenges_router", "path": "/home/kavia/workspace/code-generation/habit-tracker-community-324979-324988/habit_buddy_backend/src/api/main.py", "pattern": "/^from src.api.routers.challenges import router as challenges_router$/", "language": "Python", "kind": "unknown", "nameref": "unknown:router"}, {"_type": "tag", "name": "feed_router", "path": "/home/kavia/workspace/code-generation/habit-tracker-community-324979-324988/habit_buddy_backend/src/api/main.py", "pattern": "/^from src.api.routers.feed import router as feed_router$/", "language": "Python", "kind": "unknown", "nameref": "unknown:router"}, {"_type": "tag", "name": "groups_router", "path": "/home/kavia/workspace/code-generation/habit-tracker-community-324979-324988/habit_buddy_backend/src/api/main.py", "pattern": "/^from src.api.routers.groups import router as groups_router$/", "language": "Python", "kind": "unknown", "nameref": "unknown:router"}, {"_type": "tag", "name": "habits_router", "path": "/home/kavia/workspace/code-generation/habit-tracker-community-324979-324988/habit_buddy_backend/src/api/main.py", "pattern": "/^from src.api.routers.habits import router as habits_router$/", "language": "Python", "kind": "unknown", "nameref": "unknown:router"}, {"_type": "tag", "name": "health_check", "path": "/home/kavia/workspace/code-generation/habit-tracker-community-324979-324988/habit_buddy_backend/src/api/main.py", "pattern": "/^def health_check() -> HealthResponse:$/", "language": "Python", "typeref": "typename:HealthResponse", "kind": "function", "signature": "()"}, {"_type": "tag", "name": "notifications_router", "path": "/home/kavia/workspace/code-generation/habit-tracker-community-324979-324988/habit_buddy_backend/src/api/main.py", "pattern": "/^from src.api.routers.notifications import router as notifications_router$/", "language": "Python", "kind": "unknown", "nameref": "unknown:router"}, {"_type": "tag", "name": "openapi_tags", "path": "/home/kavia/workspace/code-generation/habit-tracker-community-324979-324988/habit_buddy_backend/src/api/main.py", "pattern": "/^openapi_tags = [$/", "language": "Python", "kind": "variable"}, {"_type": "tag", "name": "settings", "path": "/home/kavia/workspace/code-generation/habit-tracker-community-324979-324988/habit_buddy_backend/src/api/main.py", "pattern": "/^    settings = None$/", "language": "Python", "kind": "variable"}, {"_type": "tag", "name": "settings", "path": "/home/kavia/workspace/code-generation/habit-tracker-community-324979-324988/habit_buddy_backend/src/api/main.py", "pattern": "/^settings = None$/", "language": "Python", "kind": "variable"}], "hash": "4cc9e243e728f24bb9043674d4d77080", "format-version": 4, "code-base-name": "habit_buddy_backend", "filename": "habit_buddy_backend/src/api/main.py", "fields": [{"name": "app = FastAPI(", "scope": "", "scopeKind": "", "description": "unavailable"}, {"name": "openapi_tags = [", "scope": "", "scopeKind": "", "description": "unavailable"}, {"name": "settings = None", "scope": "", "scopeKind": "", "description": "unavailable"}]}